artigoEmPeriodico	Eder Martioli	2024		http://dx.doi.org/10.1051/0004-6361/202449263	Disentangling the origin of chemical differences using GHOST	ASTRONOMY & ASTROPHYSICS	SAFFE, C. ; MIQUELARENA, P. ; ALACORIA, J. ; MARTIOLI, E. ; FLORES, M. ; JAQUE ARANCIBIA, M. ; ANGELONI, R. ; JOFRÉ, E. ; YANA GALARZA, J. ; GONZÁLEZ, E. ; COLLADO, A.	A1	
artigoEmPeriodico	Eder Martioli	2024		http://dx.doi.org/10.1093/mnras/stad3866	The EBLM Project- XI	Mass, radius, and effective temperature measurements for 23 M-dwarf companions to solar-type stars observed with. MONTHLY NOTICES OF THE ROYAL ASTRONOMICAL SOCIETY	SWAYNE, M I ; MAXTED, P F L ; TRIAUD, A H M J ; SOUSA, S G ; DELINE, A ; EHRENREICH, D ; HOYER, S ; OLOFSSON, G ; BOISSE, I ; DUCK, A ; GILL, S ; MARTIN, D ; MCCORMAC, J ; PERSSON, C M ; SANTERNE, A ; SEBASTIAN, D ; STANDING, M R ; ACUÑA, L ; ALIBERT, Y ; MARTIOLI, E.	Qualis nao identificado	MASS, RADIUS, AND EFFECTIVE TEMPERATURE MEASUREMENTS FOR 23 M-DWARF COMPANIONS TO SOLAR-TYPE STARS OBSERVED WITH. MONTHLY NOTICES OF THE ROYAL ASTRONOMICAL SOCIETY
artigoEmPeriodico	Eder Martioli	2024		http://dx.doi.org/10.1051/0004-6361/202348288	TOI-1199 b and TOI-1273 b: Two new transiting hot Saturns detected and characterized with SOPHIE and TESS	ASTRONOMY & ASTROPHYSICS	SERRANO BELL, J. ; DÍAZ, R. F. ; Hébrard, G. ; MARTIOLI, E. ; HEIDARI, N. ; SOUSA, S. ; Boisse, I. ; ALMENARA, J. M. ; ALONSO-SANTIAGO, J. ; BARROS, S. C. C. ; BENNI, P. ; BIERYLA, A. ; Bonfils, X. ; CALDWELL, D. A. ; CIARDI, D. R. ; COLLINS, K. A. ; CORTÉS-ZULETA, P. ; DALAL, S. ; DE LEÓN, J. P. ; DELEUIL, M.	A1	
artigoEmPeriodico	Eder Martioli	2024		http://dx.doi.org/10.1051/0004-6361/202346999	TOI-4860 b, a short-period giant planet transiting an M3.5 dwarf	ASTRONOMY & ASTROPHYSICS	ALMENARA, J. M. ; Bonfils, X. ; BRYANT, E. M. ; JORDÁN, A. ; Hébrard, G. ; MARTIOLI, E. ; CORREIA, A. C. M. ; ASTUDILLO-DEFRU, N. ; CADIEUX, C. ; ARNOLD, L. ; ARTIGAU, É. ; BAKOS, G. Á. ; BARROS, S.C.C. ; BAYLISS, D. ; Bouchy, F. ; BOUÉ, G. ; BRAHM, R. ; Carmona, A. ; CHARBONNEAU, D. ; CIARDI, D. R.	A1	
artigoEmPeriodico	Eder Martioli	2024		http://dx.doi.org/10.3847/1538-3881/ad1d5c	Planet Hunters TESS	V. A Planetary System Around a Binary Star, Including a Mini-Neptune in the Habitable Zone. ASTRONOMICAL JOURNAL	EISNER, NORA L. ; GRUNBLATT, SAMUEL K. ; BARRAGÁN, OSCAR ; FARIDANI, THEA H. ; LINTOTT, CHRIS ; AIGRAIN, SUZANNE ; JOHNSTON, COLE ; MASON, IAN R. ; STASSUN, KEIVAN G. ; BEDELL, MEGAN ; BOYLE, ANDREW W. ; CIARDI, DAVID R. ; CLARK, CATHERINE A. ; HEBRARD, GUILLAUME ; HOGG, DAVID W. ; HOWELL, STEVE B. ; KLEIN, BAPTISTE ; LLAMA, JOE ; WINN, JOSHUA N. ; MARTIOLI, E.	Qualis nao identificado	V. A PLANETARY SYSTEM AROUND A BINARY STAR, INCLUDING A MINI-NEPTUNE IN THE HABITABLE ZONE. ASTRONOMICAL JOURNAL
artigoEmPeriodico	Eder Martioli	2024		http://dx.doi.org/10.3847/1538-4357/ad3063	Comprehensive High-resolution Chemical Spectroscopy of Barnard?s Star with SPIRou	The Astrophysical Journal	JAHANDAR, FARBOD ; DOYON, RENÉ ; ARTIGAU, ÉTIENNE ; COOK, NEIL J. ; CADIEUX, CHARLES ; LAFRENIÈRE, DAVID ; FORVEILLE, THIERRY ; DONATI, JEAN-FRANÇOIS ; FOUQUÉ, PASCAL ; CARMONA, ANDRÉS ; CLOUTIER, RYAN ; CRISTOFARI, PAUL ; GAIDOS, ERIC ; GOMES DA SILVA, JOÃO ; MALO, LISON ; Martioli, Eder ; DO NASCIMENTO, J.-D. ; PELLETIER, STEFAN ; VANDAL, THOMAS ; VENN, KIM	A1	
artigoEmPeriodico	Eder Martioli	2024		http://dx.doi.org/10.1051/0004-6361/202348043	Long-term monitoring of large-scale magnetic fields across optical and near-infrared domains with ESPaDOnS, Narval, and SPIRou	ASTRONOMY & ASTROPHYSICS	BELLOTTI, S. ; Morin, J. ; LEHMANN, L. T. ; PETIT, P. ; HUSSAIN, G. A. J. ; Donati, J.-F. ; FOLSOM, C. P. ; Carmona, A. ; MARTIOLI, E. ; KLEIN, B. ; Fouqué, P. ; MOUTOU, C. ; Alencar, S. ; ARTIGAU, E. ; Boisse, I. ; Bouchy, F. ; Bouvier, J. ; COOK, N. J. ; DELFOSSE, X. ; Doyon, R.	A1	
artigoEmPeriodico	Eder Martioli	2024		http://dx.doi.org/10.1051/0004-6361/202348258	Long-period modulation of the classical T Tauri star CI Tau	ASTRONOMY & ASTROPHYSICS	MANICK, R. ; SOUSA, A. P. ; Bouvier, J. ; ALMENARA, J. M. ; REBULL, L. ; BAYO, A. ; Carmona, A. ; MARTIOLI, E. ; VENUTI, L. ; PANTOLMOS, G. ; KÓSPÁL, Á. ; ZANNI, C. ; Bonfils, X. ; MOUTOU, C. ; DELFOSSE, X.	A1	
artigoEmPeriodico	Eder Martioli	2024		http://dx.doi.org/10.1093/mnras/stae1405	BEBOP V	Homogeneous stellar analysis of potential circumbinary planet hosts. MONTHLY NOTICES OF THE ROYAL ASTRONOMICAL SOCIETY	FRECKELTON, ALIX V ; SEBASTIAN, DANIEL ; MORTIER, ANNELIES ; TRIAUD, AMAURY H M J ; MAXTED, PIERRE F L ; ACUÑA, LORENA ; ARMSTRONG, DAVID J ; BATTLEY, MATTHEW P ; BAYCROFT, THOMAS A ; BOISSE, ISABELLE ; BOURRIER, VINCENT ; CARMONA, ANDRES ; COLEMAN, GAVIN A L ; CAMERON, ANDREW COLLIER ; CORTÉS-ZULETA, PÍA ; DELFOSSE, XAVIER ; DRANSFIELD, GEORGINA ; DUCK, ALISON ; FORVEILLE, THIERRY ; MARTIOLI, E.	Qualis nao identificado	HOMOGENEOUS STELLAR ANALYSIS OF POTENTIAL CIRCUMBINARY PLANET HOSTS. MONTHLY NOTICES OF THE ROYAL ASTRONOMICAL SOCIETY
artigoEmPeriodico	Eder Martioli	2024		http://dx.doi.org/10.3847/2041-8213/ad65fd	TOI-1408: Discovery and Photodynamical Modeling of a Small Inner Companion to a Hot Jupiter Revealed by Transit Timing Variations	Astrophysical Journal Letters	KORTH, JUDITH ; CHATURVEDI, PRIYANKA ; PARVIAINEN, HANNU ; CARLEO, ILARIA ; ENDL, MICHAEL ; GUENTHER, EIKE W. ; NOWAK, GRZEGORZ ; PERSSON, CARINA M. ; MACQUEEN, PHILLIP J. ; MUSTILL, ALEXANDER J. ; CABRERA, JUAN ; COCHRAN, WILLIAM D. ; LILLO-BOX, JORGE ; HOBBS, DAVID ; MURGAS, FELIPE ; GREKLEK-MCKEON, MICHAEL ; KELLERMANN, HANNA ; HÉBRARD, GUILLAUME ; FUKUI, AKIHIKO ; MARTIOLI, E.	A1	
artigoEmPeriodico	Eder Martioli	2024		http://dx.doi.org/10.1051/0004-6361/202449608	Probing atmospheric escape through metastable He I triplet lines in 15 exoplanets observed with SPIRou	ASTRONOMY & ASTROPHYSICS	MASSON, A. ; VINATIER, S. ; BÉZARD, B. ; LÓPEZ-PUERTAS, M. ; LAMPÓN, M. ; DEBRAS, F. ; Carmona, A. ; KLEIN, B. ; ARTIGAU, E. ; DETHIER, W. ; PELLETIER, S. ; HOOD, T. ; ALLART, R. ; BOURRIER, V. ; CADIEUX, C. ; CHARNAY, B. ; COWAN, N. B. ; COOK, N. J. ; DELFOSSE, X. ; MARTIOLI, E.	A1	
artigoEmPeriodico	Eder Martioli	2024		http://dx.doi.org/10.1051/0004-6361/202348879	Atmospherix	ASTRONOMY & ASTROPHYSICS	HOOD, THEA ; DEBRAS, FLORIAN ; MOUTOU, CLAIRE ; KLEIN, BAPTISTE ; TREMBLIN, PASCAL ; PARMENTIER, VIVIEN ; CARMONA, ANDRES ; MEECH, ANNABELLA ; VÉNOT, OLIVIA ; MASSON, ADRIEN ; PETIT, PASCAL ; VINATIER, SANDRINE ; Martioli, Eder ; KIEFER, FLAVIEN ; TURBET, MARTIN	A1	
artigoEmPeriodico	Eder Martioli	2023		http://dx.doi.org/10.1051/0004-6361/202245129	A sub-Neptune planet around TOI-1695 discovered and characterized with SPIRou and TESS	ASTRONOMY & ASTROPHYSICS	KIEFER, F. ; Hébrard, G. ; MARTIOLI, E. ; ARTIGAU, E. ; Doyon, R. ; Donati, J.-F. ; CADIEUX, C. ; Carmona, A. ; CIARDI, D. R. ; CRISTOFARI, P. I. ; DE ALMEIDA, L. ; Figueira, P. ; GAIDOS, E. ; GONZALES, E. ; LECAVELIER DES ETANGS, A. ; STASSUN, K. G. ; ARNOLD, L. ; BENNEKE, B. ; Boisse, I. ; Bonfils, X.	A1	
artigoEmPeriodico	Eder Martioli	2023		http://dx.doi.org/10.1051/0004-6361/202345839	The SPIRou legacy survey	ASTRONOMY & ASTROPHYSICS	Fouqué, P. ; MARTIOLI, E. ; Donati, J.-F. ; LEHMANN, L. T. ; ZAIRE, B. ; BELLOTTI, S. ; GAIDOS, E. ; Morin, J. ; MOUTOU, C. ; PETIT, P. ; Alencar, S. H. P. ; ARNOLD, L. ; ARTIGAU, É. ; CANG, T.-Q. ; Carmona, A. ; COOK, N. J. ; CORTÉS-ZULETA, P. ; CRISTOFARI, P. I. ; DELFOSSE, X. ; Doyon, R.	A1	
artigoEmPeriodico	Eder Martioli	2023		http://dx.doi.org/10.1093/mnras/stad865	Constraining atmospheric parameters and surface magnetic fields with : an application to SPIRou spectra	MONTHLY NOTICES OF THE ROYAL ASTRONOMICAL SOCIETY	CRISTOFARI, P I ; DONATI, J-F ; FOLSOM, C P ; MASSERON, T ; FOUQUÉ, P ; MOUTOU, C ; ARTIGAU, E ; CARMONA, A ; PETIT, P ; DELFOSSE, X ; MARTIOLI, E	A1	
artigoEmPeriodico	Eder Martioli	2023		http://dx.doi.org/10.1051/0004-6361/202245131	Optical and near-infrared stellar activity characterization of the early M dwarf Gl 205 with SOPHIE and SPIRou	ASTRONOMY & ASTROPHYSICS	CORTÉS-ZULETA, P. ; Boisse, I. ; KLEIN, B. ; MARTIOLI, E. ; CRISTOFARI, P. I. ; ANTONIADIS-KARNAVAS, A. ; Donati, J.-F. ; DELFOSSE, X. ; CADIEUX, C. ; HEIDARI, N. ; ARTIGAU, É. ; BELLOTTI, S. ; Bonfils, X. ; Carmona, A. ; COOK, N. J. ; DÍAZ, R. F. ; Doyon, R. ; Fouqué, P. ; MOUTOU, C. ; PETIT, P.	A1	
artigoEmPeriodico	Eder Martioli	2023		http://dx.doi.org/10.1093/mnras/stad1247	CO or no CO? Narrowing the CO abundance constraint and recovering the H2O detection in the atmosphere of WASP-127-b using SPIRou	MONTHLY NOTICES OF THE ROYAL ASTRONOMICAL SOCIETY	BOUCHER, ANNE ; LAFRENIÉRE, DAVID ; PELLETIER, STEFAN ; DARVEAU-BERNIER, ANTOINE ; RADICA, MICHAEL ; ALLART, ROMAIN ; ARTIGAU, ÉTIENNE ; COOK, NEIL J ; DEBRAS, FLORIAN ; DOYON, RENÉ ; GAIDOS, ERIC ; BENNEKE, BJÖRN ; CADIEUX, CHARLES ; CARMONA, ANDRES ; CLOUTIER, RYAN ; CORTÉS-ZULETA, PÍA ; COWAN, NICOLAS B ; DELFOSSE, XAVIER ; DONATI, JEAN-FRANÇOIS ; MARTIOLI, E.	A1	
artigoEmPeriodico	Eder Martioli	2023		http://dx.doi.org/10.1051/0004-6361/202245660	Near-IR and optical radial velocities of the active M dwarf star Gl 388 (AD Leo) with SPIRou at CFHT and SOPHIE at OHP	ASTRONOMY & ASTROPHYSICS	Carmona, A. ; DELFOSSE, X. ; BELLOTTI, S. ; CORTÉS-ZULETA, P. ; OULD-ELHKIM, M. ; HEIDARI, N. ; MIGNON, L. ; DONATI, J. F. ; MOUTOU, C. ; COOK, N. ; ARTIGAU, E. ; Fouqué, P. ; MARTIOLI, E. ; CADIEUX, C. ; Morin, J. ; FORVEILLE, T. ; Boisse, I. ; Hébrard, G. ; DÍAZ, R. F. ; LAFRENIÈRE, D.	A1	
artigoEmPeriodico	Eder Martioli	2023		http://dx.doi.org/10.1093/mnras/stad1319	Two warm Neptunes transiting HIP-9618 revealed by and	MONTHLY NOTICES OF THE ROYAL ASTRONOMICAL SOCIETY	OSBORN, H P ; NOWAK, G ; HÉBRARD, G ; MASSERON, T ; LILLO-BOX, J ; PALLÉ, E ; BEKKELIEN, A ; FLORÉN, H-G ; GUTERMAN, P ; SIMON, A E ; ADIBEKYAN, V ; BIERYLA, A ; BORSATO, L ; BRANDEKER, A ; CIARDI, D R ; COLLIER CAMERON, A ; COLLINS, K A ; EGGER, J A ; GANDOLFI, D ; MARTIOLI, E.	A1	
artigoEmPeriodico	Eder Martioli	2023		http://dx.doi.org/10.1051/0004-6361/202346472	Wapiti: A data-driven approach to correct for systematics in RV data	ASTRONOMY & ASTROPHYSICS	OULD-ELHKIM, M. ; MOUTOU, C. ; Donati, J.-F. ; ARTIGAU, É. ; Fouqué, P. ; COOK, N.J. ; Carmona, A. ; CRISTOFARI, P. I. ; MARTIOLI, E. ; DEBRAS, F. ; DUMUSQUE, X. ; MARTINS, J. H. C. ; Hébrard, G. ; CADIEUX, C. ; DELFOSSE, X. ; Doyon, R. ; KLEIN, B. ; GOMES DA SILVA, J. ; FORVEILLE, T. ; HOOD, T.	A1	
artigoEmPeriodico	Eder Martioli	2023		http://dx.doi.org/10.1051/0004-6361/202346845	Monitoring the large-scale magnetic field of AD Leo with SPIRou, ESPaDOnS, and Narval	ASTRONOMY & ASTROPHYSICS	BELLOTTI, S. ; Morin, J. ; LEHMANN, L. T. ; FOLSOM, C. P. ; HUSSAIN, G. A. J. ; PETIT, P. ; Donati, J.-F. ; LAVAIL, A. ; Carmona, A. ; MARTIOLI, E. ; ROMANO ZAIRE, B. ; ALECIAN, E. ; MOUTOU, C. ; Fouqué, P. ; Alencar, S. ; ARTIGAU, E. ; Boisse, I. ; Bouchy, F. ; CADIEUX, C. ; CLOUTIER, R.	A1	
artigoEmPeriodico	Eder Martioli	2023		http://dx.doi.org/10.1093/mnras/stad1193	The magnetic field and multiple planets of the young dwarf AU Mic	MONTHLY NOTICES OF THE ROYAL ASTRONOMICAL SOCIETY	DONATI, J-F ; CRISTOFARI, P I ; FINOCIETY, B ; KLEIN, B ; MOUTOU, C ; GAIDOS, E ; CADIEUX, C ; ARTIGAU, E ; CORREIA, A C M ; BOUÉ, G ; COOK, N J ; CARMONA, A ; LEHMANN, L T ; BOUVIER, J ; MARTIOLI, E ; MORIN, J ; FOUQUÉ, P ; DELFOSSE, X ; DOYON, R ; HÉBRARD, G	A1	
artigoEmPeriodico	Eder Martioli	2023		http://dx.doi.org/10.1051/0004-6361/202245832	Homogeneous search for helium in the atmosphere of 11 gas giant exoplanets with SPIRou	ASTRONOMY & ASTROPHYSICS	ALLART, R. ; LEMÉE-JOLIECOEUR, P.-B. ; JAZIRI, A. Y. ; LAFRENIÈRE, D. ; ARTIGAU, E. ; COOK, N. ; DARVEAU-BERNIER, A. ; DANG, L. ; CADIEUX, C. ; BOUCHER, A. ; BOURRIER, V. ; DEIBERT, E. K. ; PELLETIER, S. ; RADICA, M. ; BENNEKE, B. ; Carmona, A. ; CLOUTIER, R. ; COWAN, N. B. ; DELFOSSE, X. ; MARTIOLI, E.	A1	
artigoEmPeriodico	Eder Martioli	2023		http://dx.doi.org/10.1051/0004-6361/202346813	Characterizing planetary systems with SPIRou: M-dwarf planet-search survey and the multiplanet systems GJ 876 and GJ 1148	ASTRONOMY & ASTROPHYSICS	MOUTOU, C. ; DELFOSSE, X. ; PETIT, A. C. ; Donati, J.-F. ; ARTIGAU, E. ; Fouqué, P. ; Carmona, A. ; OULD-ELHKIM, M. ; ARNOLD, L. ; COOK, N. J. ; CADIEUX, C. ; BELLOTTI, S. ; Boisse, I. ; Bouchy, F. ; CHARPENTIER, P. ; CORTÉS-ZULETA, P. ; Doyon, R. ; Hébrard, G. ; MARTIOLI, E. ; Morin, J.	A1	
artigoEmPeriodico	Eder Martioli	2023		http://dx.doi.org/10.3847/1538-3881/acfda8	Validating AU Microscopii d with Transit Timing Variations	ASTRONOMICAL JOURNAL	WITTROCK, JUSTIN M. ; PLAVCHAN, PETER P. ; CALE, BRYSON L. ; BARCLAY, THOMAS ; LUDWIG, MATHIS R. ; SCHWARZ, RICHARD P. ; MÉKARNIA, DJAMEL ; J. TRIAUD, AMAURY H. M. ; ABE, LYU ; SUAREZ, OLGA ; GUILLOT, TRISTAN ; CONTI, DENNIS M. ; COLLINS, KAREN A. ; WAITE, IAN A. ; KIELKOPF, JOHN F. ; COLLINS, KEVIN I. ; DREIZLER, STEFAN ; EL MUFTI, MOHAMMED ; FELIZ, DAX L. ; MARTIOLI, E.	A1	THE ASTRONOMICAL JOURNAL
artigoEmPeriodico	Eder Martioli	2023		http://dx.doi.org/10.1093/mnras/stad2607	ATMOSPHERIX: I- an open source high-resolution transmission spectroscopy pipeline for exoplanets atmospheres with SPIRou	MONTHLY NOTICES OF THE ROYAL ASTRONOMICAL SOCIETY	KLEIN, BAPTISTE ; DEBRAS, FLORIAN ; DONATI, JEAN-FRANÇOIS ; HOOD, THEA ; MOUTOU, CLAIRE ; CARMONA, ANDRES ; OULD-ELKHIM, MERWAN ; BÉZARD, BRUNO ; CHARNAY, BENJAMIN ; FOUQUÉ, PASCAL ; MASSON, ADRIEN ; VINATIER, SANDRINE ; BARUTEAU, CLÉMENT ; BOISSE, ISABELLE ; BONFILS, XAVIER ; CHIAVASSA, ANDREA ; DELFOSSE, XAVIER ; DETHIER, WILLIAM ; HEBRARD, GUILLAUME ; MARTIOLI, E.	A1	
artigoEmPeriodico	Eder Martioli	2023		http://dx.doi.org/10.1093/mnras/stad2608	ATMOSPHERIX: II- Characterizing exoplanet atmospheres through transmission spectroscopy with SPIRou	MONTHLY NOTICES OF THE ROYAL ASTRONOMICAL SOCIETY	DEBRAS, FLORIAN ; KLEIN, BAPTISTE ; DONATI, JEAN-FRANÇOIS ; HOOD, THEA ; MOUTOU, CLAIRE ; CARMONA, ANDRES ; CHARNAY, BENJAMIN ; BÉZARD, BRUNO ; FOUQUÉ, PASCAL ; MASSON, ADRIEN ; VINATIER, SANDRINE ; BARUTEAU, CLÉMENT ; BOISSE, ISABELLE ; BONFILS, XAVIER ; CHIAVASSA, ANDREA ; DELFOSSE, XAVIER ; HEBRARD, GUILLAUME ; LECONTE, JÉRÉMY ; Martioli, Eder ; OULD-ELKHIM, MERWAN	A1	
artigoEmPeriodico	Eder Martioli	2023		http://dx.doi.org/10.3847/1538-3881/ad00bc	Giant Outer Transiting Exoplanet Mass (GOT ?EM) Survey. III. Recovery and Confirmation of a Temperate, Mildly Eccentric, Single-transit Jupiter Orbiting TOI-2010	ASTRONOMICAL JOURNAL	MANN, CHRISTOPHER R. ; DALBA, PAUL A. ; LAFRENIÈRE, DAVID ; FULTON, BENJAMIN J. ; HÉBRARD, GUILLAUME ; BOISSE, ISABELLE ; DALAL, SHWETA ; DELEUIL, MAGALI ; DELFOSSE, XAVIER ; DEMANGEON, OLIVIER ; FORVEILLE, THIERRY ; HEIDARI, NEDA ; KIEFER, FLAVIEN ; Martioli, Eder ; MOUTOU, CLAIRE ; ENDL, MICHAEL ; COCHRAN, WILLIAM D. ; MACQUEEN, PHILLIP ; MARCHIS, FRANCK ; DRAGOMIR, DIANA	A1	THE ASTRONOMICAL JOURNAL
artigoEmPeriodico	Eder Martioli	2023		http://dx.doi.org/10.3847/1538-4357/ad077e	SPLUS J142445.34-254247.1: An r-process-enhanced, Actinide-boost, Extremely Metal-poor Star Observed with GHOST	The Astrophysical Journal	PLACCO, VINICIUS M. ; ALMEIDA-FERNANDES, FELIPE ; HOLMBECK, ERIKA M. ; ROEDERER, IAN U. ; MARDINI, MOHAMMAD K. ; HAYES, CHRISTIAN R. ; VENN, KIM ; CHIBOUCAS, KRISTIN ; DEIBERT, EMILY ; GAMEN, ROBERTO ; HEO, JEONG-EUN ; JEONG, MIJI ; KALARI, VENU ; Martioli, Eder ; XU, SIYI ; DIAZ, RUBEN ; GOMEZ-JIMENEZ, MANUEL ; HENDERSON, DAVID ; PRADO, PABLO ; QUIROZ, CARLOS	A1	
artigoEmPeriodico	Eder Martioli	2023		http://dx.doi.org/10.1093/mnras/stad3673	Probing the early Milky Way with GHOST spectra of an extremely metal-poor star in the Galactic disc	MONTHLY NOTICES OF THE ROYAL ASTRONOMICAL SOCIETY	DOVGAL, ANYA ; VENN, KIM A ; SESTITO, FEDERICO ; HAYES, CHRISTIAN R ; MCCONNACHIE, ALAN W ; NAVARRO, JULIO F ; PLACCO, VINICIUS M ; STARKENBURG, ELSE ; MARTIN, NICOLAS F ; PAZDER, JOHN S ; CHIBOUCAS, KRISTIN ; DEIBERT, EMILY ; GAMEN, ROBERTO ; HEO, JEONG-EUN ; KALARI, VENU M ; Martioli, Eder ; XU, SIYI ; DIAZ, RUBEN ; GOMEZ-JIMENEZ, MANUEL ; HENDERSON, DAVID	A1	
artigoEmPeriodico	Eder Martioli	2023		http://dx.doi.org/10.1093/mnras/stad3255	A hot mini-Neptune and a temperate, highly eccentric sub-Saturn around the bright K-dwarf TOI-2134	MONTHLY NOTICES OF THE ROYAL ASTRONOMICAL SOCIETY	RESCIGNO, F ; HÉBRARD, G ; VANDERBURG, A ; MANN, A W ; MORTIER, A ; MORRELL, S ; BUCHHAVE, L A ; COLLINS, K A ; MANN, C R ; HELLIER, C ; HAYWOOD, R D ; WEST, R ; STALPORT, M ; HEIDARI, N ; ANDERSON, D ; HUANG, C X ; LÓPEZ-MORALES, M ; CORTÉS-ZULETA, P ; LEWIS, H M ; MARTIOLI, E.	A1	
artigoEmPeriodico	Eder Martioli	2023		http://dx.doi.org/10.1051/0004-6361/202347744	TOI-1736 and TOI-2141: Two systems including sub-Neptunes around solar analogs revealed by TESS and SOPHIE	ASTRONOMY & ASTROPHYSICS	MARTIOLI, E.; Hébrard, G. ; DE ALMEIDA, L. ; HEIDARI, N. ; LORENZO-OLIVEIRA, D. ; KIEFER, F. ; ALMENARA, J. M. ; BIERYLA, A. ; Boisse, I. ; Bonfils, X. ; BRICEÑO, C. ; COLLINS, K. A. ; CORTÉS-ZULETA, P. ; DALAL, S. ; DELEUIL, M. ; DELFOSSE, X. ; DEMANGEON, O. ; Eastman, J. D. ; FORVEILLE, T. ; FURLAN, E.	A1	
artigoEmPeriodico	Eder Martioli	2022		http://dx.doi.org/10.1093/mnras/stab3712	BEBOP III	Observations and an independent mass measurement of Kepler-16 (AB) b - the first circumbinary planet detected with radial velocities. MONTHLY NOTICES OF THE ROYAL ASTRONOMICAL SOCIETY	TRIAUD, AMAURY H M J ; STANDING, MATTHEW R ; HEIDARI, NEDA ; MARTIN, DAVID V ; BOISSE, ISABELLE ; SANTERNE, ALEXANDRE ; CORREIA, ALEXANDRE C M ; ACUÑA, LORENA ; BATTLEY, MATTHEW ; BONFILS, XAVIER ; CARMONA, ANDRÉS ; CAMERON, ANDREW COLLIER ; CORTÉS-ZULETA, PÍA ; DRANSFIELD, GEORGINA ; DALAL, SHWETA ; DELEUIL, MAGALI ; DELFOSSE, XAVIER ; FARIA, JOÃO ; FORVEILLE, THIERRY ; MARTIOLI, E.	Qualis nao identificado	OBSERVATIONS AND AN INDEPENDENT MASS MEASUREMENT OF KEPLER-16 B - THE FIRST CIRCUMBINARY PLANET DETECTED WITH RADIAL VELOCITIES. MONTHLY NOTICES OF THE ROYAL ASTRONOMICAL SOCIETY
artigoEmPeriodico	Eder Martioli	2022		http://dx.doi.org/10.1038/s41598-022-09021-2	Exocomets size distribution in the $$eta$$ Pictoris planetary system	Scientific Reports	LECAVELIER DES ETANGS, ALAIN ; CROS, LUCIE ; HÉBRARD, GUILLAUME ; Martioli, Eder ; DUQUESNOY, MARC ; KENWORTHY, MATTHEW A. ; KIEFER, FLAVIEN ; LACOUR, SYLVESTRE ; LAGRANGE, ANNE-MARIE ; MEUNIER, NADÈGE ; VIDAL-MADJAR, ALFRED	A1	
artigoEmPeriodico	Eder Martioli	2022		http://dx.doi.org/10.3847/1538-3881/ac68e5	Transit Timing Variations for AU Microscopii b and c	ASTRONOMICAL JOURNAL	WITTROCK, JUSTIN M. ; DREIZLER, STEFAN ; REEFE, MICHAEL A. ; MORRIS, BRETT M. ; PLAVCHAN, PETER P. ; LOWRANCE, PATRICK J. ; DEMORY, BRICE-OLIVIER ; INGALLS, JAMES G. ; GILBERT, EMILY A. ; BARCLAY, THOMAS ; CALE, BRYSON L. ; COLLINS, KAREN A. ; COLLINS, KEVIN I. ; CROSSFIELD, IAN J. M. ; DRAGOMIR, DIANA ; EASTMAN, JASON D. ; MUFTI, MOHAMMED EL ; FELIZ, DAX ; GAGNÉ, JONATHAN ; MARTIOLI, E.	A1	THE ASTRONOMICAL JOURNAL
artigoEmPeriodico	Eder Martioli	2022		http://dx.doi.org/10.3847/1538-3881/ac7cea	TOI-1452 b: SPIRou and TESS Reveal a Super-Earth in a Temperate Orbit Transiting an M4 Dwarf	ASTRONOMICAL JOURNAL	CADIEUX, CHARLES ; DOYON, RENÉ ; PLOTNYKOV, MYKHAYLO ; HÉBRARD, GUILLAUME ; JAHANDAR, FARBOD ; ARTIGAU, ÉTIENNE ; VALENCIA, DIANA ; COOK, NEIL J. ; Martioli, Eder ; VANDAL, THOMAS ; DONATI, JEAN-FRANÇOIS ; CLOUTIER, RYAN ; NARITA, NORIO ; FUKUI, AKIHIKO ; HIRANO, TERUYUKI ; BOUCHY, FRANÇOIS ; COWAN, NICOLAS B. ; GONZALES, ERICA J. ; CIARDI, DAVID R. ; STASSUN, KEIVAN G.	A1	THE ASTRONOMICAL JOURNAL
artigoEmPeriodico	Eder Martioli	2022		http://dx.doi.org/10.3847/1538-3881/ac7ce6	Line-by-line Velocity Measurements: an Outlier-resistant Method for Precision Velocimetry	ASTRONOMICAL JOURNAL	ARTIGAU, ÉTIENNE ; CADIEUX, CHARLES ; COOK, NEIL J. ; DOYON, RENÉ ; VANDAL, THOMAS ; DONATI, JEAN-FRANÇOIS ; MOUTOU, CLAIRE ; DELFOSSE, XAVIER ; FOUQUÉ, PASCAL ; Martioli, Eder ; BOUCHY, FRANÇOIS ; PARSONS, JASMINE ; CARMONA, ANDRES ; DUMUSQUE, XAVIER ; ASTUDILLO-DEFRU, NICOLA ; BONFILS, XAVIER ; MIGNON, LUCILLE	A1	THE ASTRONOMICAL JOURNAL
artigoEmPeriodico	Eder Martioli	2022		http://dx.doi.org/10.1093/mnras/stac2364	Estimating the atmospheric properties of 44 M dwarfs from SPIRou spectra	MONTHLY NOTICES OF THE ROYAL ASTRONOMICAL SOCIETY	CRISTOFARI, P I ; DONATI, J-F ; MASSERON, T ; FOUQUÉ, P ; MOUTOU, C ; CARMONA, A ; ARTIGAU, E ; MARTIOLI, E ; HÉBRARD, G ; GAIDOS, E ; DELFOSSE, X	A1	
artigoEmPeriodico	Eder Martioli	2022		http://dx.doi.org/10.1051/0004-6361/202143002	A warm super-Neptune around the G-dwarf star TOI-1710 revealed with TESS, SOPHIE, and HARPS-N	ASTRONOMY & ASTROPHYSICS	KÖNIG, P.-C. ; DAMASSO, M. ; Hébrard, G. ; NAPONIELLO, L. ; CORTÉS-ZULETA, P. ; BIAZZO, K. ; Santos, N. C. ; BONOMO, A. S. ; LECAVELIER DES ÉTANGS, A. ; ZENG, L. ; HOYER, S. ; SOZZETTI, A. ; AFFER, L. ; ALMENARA, J. M. ; BENATTI, S. ; BIERYLA, A. ; Boisse, I. ; Bonfils, X. ; BOSCHIN, W. ; MARTIOLI, E.	A1	
artigoEmPeriodico	Eder Martioli	2022		http://dx.doi.org/10.1088/1538-3873/ac9e74	APERO: A PipelinE to Reduce Observations-Demonstration with SPIRou	PUBLICATIONS OF THE ASTRONOMICAL SOCIETY OF THE PACIFIC	COOK, NEIL JAMES ; ARTIGAU, ÉTIENNE ; DOYON, RENÉ ; HOBSON, MELISSA ; Martioli, Eder ; BOUCHY, FRANÇOIS ; MOUTOU, CLAIRE ; CARMONA, ANDRES ; USHER, CHRIS ; FOUQUÉ, PASCAL ; ARNOLD, LUC ; DELFOSSE, XAVIER ; BOISSE, ISABELLE ; CADIEUX, CHARLES ; VANDAL, THOMAS ; DONATI, JEAN-FRANÇOIS ; DESLIÈRES, ARIANE	A3	
artigoEmPeriodico	Eder Martioli	2022		http://dx.doi.org/10.1051/0004-6361/202244774	Are Am stars and hot-Jupiter planets related?	ASTRONOMY & ASTROPHYSICS	SAFFE, C. ; ALACORIA, J. ; MIQUELARENA, P. ; PETRUCCI, R. ; ARANCIBIA, M. JAQUE ; ANGELONI, R. ; MARTIOLI, E. ; FLORES, M. ; JOFRÉ, E. ; COLLADO, A. ; GUNELLA, F.	A1	
artigoEmPeriodico	Eder Martioli	2022		http://dx.doi.org/10.1051/0004-6361/202142540	TOI-1759 b: A transiting sub-Neptune around a low mass star characterized with SPIRou and TESS	ASTRONOMY & ASTROPHYSICS	MARTIOLI, E.; Hébrard, G. ; Fouqué, P. ; ARTIGAU, É. ; Donati, J.-F. ; CADIEUX, C. ; BELLOTTI, S. ; LECAVELIER DES ETANGS, A. ; Doyon, R. ; DO NASCIMENTO, J.-D. ; ARNOLD, L. ; Carmona, A. ; COOK, N. J. ; CORTES-ZULETA, P. ; DE ALMEIDA, L. ; DELFOSSE, X. ; FOLSOM, C. P. ; KÖNIG, P.-C. ; MOUTOU, C. ; OULD-ELHKIM, M.	A1	
artigoEmPeriodico	Eder Martioli	2021		http://dx.doi.org/10.3847/1538-3881/abd411	DRAGraces: A Pipeline for the GRACES High-resolution Spectrograph at Gemini	The Astronomical Journal	CHENÉ, ANDRÉ-NICOLAS ; MAO, SHUNYUAN ; LUNDQUIST, MICHAEL ; Martioli, Eder ; CARLIN, JEFFREY L.	A1	
artigoEmPeriodico	Eder Martioli	2021		http://dx.doi.org/10.1051/0004-6361/202040235	New constraints on the planetary system around the young active star AU Mic. Two transiting warm Neptunes near mean-motion resonance	ASTRONOMY & ASTROPHYSICS	MARTIOLI, E.; Hébrard, G. ; CORREIA, A. C. M. ; LASKAR, J. ; LECAVELIER DES ETANGS, A.	A1	
artigoEmPeriodico	Eder Martioli	2021		http://dx.doi.org/10.3847/1538-3881/ac0428	Where Is the Water? Jupiter-like C/H Ratio but Strong H O Depletion Found on τ Boötis b Using SPIRou	ASTRONOMICAL JOURNAL	PELLETIER, STEFAN ; BENNEKE, BJÖRN ; DARVEAU-BERNIER, ANTOINE ; BOUCHER, ANNE ; COOK, NEIL J. ; PIAULET, CAROLINE ; COULOMBE, LOUIS-PHILIPPE ; ARTIGAU, ÉTIENNE ; LAFRENIÈRE, DAVID ; DELISLE, SIMON ; ALLART, ROMAIN ; DOYON, RENÉ ; DONATI, JEAN-FRANÇOIS ; FOUQUÉ, PASCAL ; MOUTOU, CLAIRE ; CADIEUX, CHARLES ; DELFOSSE, XAVIER ; HÉBRARD, GUILLAUME ; MARTINS, JORGE H. C. ; Martioli, Eder	A1	THE ASTRONOMICAL JOURNAL
artigoEmPeriodico	Eder Martioli	2021		http://dx.doi.org/10.1117/1.jatis.7.3.038001	Optimization of EMCCD operating parameters for the acquisition system of SPARC4	Journal of Astronomical Telescopes Instruments and Systems	BERNARDES, DENIS VARISE ; Martioli, Eder ; SPADOTI, DANILO HENRIQUE	Qualis nao identificado	JOURNAL OF ASTRONOMICAL TELESCOPES INSTRUMENTS AND SYSTEMS
artigoEmPeriodico	Eder Martioli	2021		http://dx.doi.org/10.1051/0004-6361/202140712	The SOPHIE search for northern extrasolar planets	ASTRONOMY & ASTROPHYSICS	DALAL, S. ; KIEFER, F. ; Hébrard, G. ; SAHLMANN, J. ; SOUSA, S. G. ; FORVEILLE, T. ; DELFOSSE, X. ; ARNOLD, L. ; ASTUDILLO-DEFRU, N. ; Bonfils, X. ; Boisse, I. ; Bouchy, F. ; BOURRIER, V. ; BRUGGER, B. ; CORTÉS-ZULETA, P. ; DELEUIL, M. ; DEMANGEON, O. D. S. ; DÍAZ, R. F. ; HARA, N. C. ; MARTIOLI, E.	A1	
artigoEmPeriodico	Eder Martioli	2021		http://dx.doi.org/10.3847/1538-3881/ac096d	TOI-1278 B: SPIRou Unveils a Rare Brown Dwarf Companion in Close-in Orbit around an M Dwarf	ASTRONOMICAL JOURNAL	ARTIGAU, ÉTIENNE ; HÉBRARD, GUILLAUME ; CADIEUX, CHARLES ; VANDAL, THOMAS ; COOK, NEIL J. ; DOYON, RENÉ ; GAGNÉ, JONATHAN ; MOUTOU, CLAIRE ; Martioli, Eder ; FRASCA, ANTONIO ; JAHANDAR, FARBOD ; LAFRENIÈRE, DAVID ; MALO, LISON ; DONATI, JEAN-FRANÇOIS ; CORTÉS-ZULETA, PÍA ; BOISSE, ISABELLE ; DELFOSSE, XAVIER ; CARMONA, ANDRES ; FOUQUÉ, PASCAL ; MORIN, JULIEN	A1	THE ASTRONOMICAL JOURNAL
artigoEmPeriodico	Eder Martioli	2021		http://dx.doi.org/10.1051/0004-6361/202141151	TOI-1296b and TOI-1298b observed with TESS and SOPHIE: two hot Saturn-mass exoplanets with different densities around metal-rich stars	ASTRONOMY & ASTROPHYSICS	MOUTOU, C. ; ALMENARA, J. M. ; Hébrard, G. ; Santos, N. C. ; STASSUN, K. G. ; DEHEUVELS, S. ; BARROS, S. ; BENNI, P. ; BIERYLA, A. ; Boisse, I. ; Bonfils, X. ; BOYD, P. T. ; COLLINS, K. A. ; BAKER, D. ; CORTÉS-ZULETA, P. ; DALAL, S. ; DEBRAS, F. ; DELEUIL, M. ; DELFOSSE, X. ; MARTIOLI, E.	A1	
artigoEmPeriodico	Eder Martioli	2021		http://dx.doi.org/10.1126/science.abg8794	A compositional link between rocky exoplanets and their host stars	SCIENCE	ADIBEKYAN, VARDAN ; DORN, CAROLINE ; SOUSA, SÉRGIO G. ; SANTOS, NUNO C. ; BITSCH, BERTRAM ; ISRAELIAN, GARIK ; MORDASINI, CHRISTOPH ; BARROS, SUSANA C. C. ; DELGADO MENA, ELISA ; DEMANGEON, OLIVIER D. S. ; FARIA, JOÃO P. ; FIGUEIRA, PEDRO ; HAKOBYAN, ARTUR A. ; OSHAGH, MAHMOUDREZA ; SOARES, BÁRBARA M. T. B. ; KUNITOMO, MASANOBU ; TAKEDA, YOICHI ; JOFRÉ, EMILIANO ; PETRUCCI, ROMINA ; Martioli, Eder	A1	
artigoEmPeriodico	Eder Martioli	2021		http://dx.doi.org/10.3847/1538-3881/ac1f8e	Characterizing Exoplanetary Atmospheres at High Resolution with SPIRou: Detection of Water on HD 189733 b	ASTRONOMICAL JOURNAL	BOUCHER, ANNE ; DARVEAU-BERNIER, ANTOINE ; PELLETIER, STEFAN ; LAFRENIÈRE, DAVID ; ARTIGAU, ÉTIENNE ; COOK, NEIL J. ; ALLART, ROMAIN ; RADICA, MICHAEL ; DOYON, RENÉ ; BENNEKE, BJÖRN ; ARNOLD, LUC ; BONFILS, XAVIER ; BOURRIER, VINCENT ; CLOUTIER, RYAN ; GOMES DA SILVA, JOÃO ; DEIBERT, EMILY ; DELFOSSE, XAVIER ; DONATI, JEAN-FRANÇOIS ; EHRENREICH, DAVID ; MARTIOLI, E.	A1	THE ASTRONOMICAL JOURNAL
artigoEmPeriodico	Eder Martioli	2021		http://dx.doi.org/10.3847/1538-3881/ac2c80	Diving Beneath the Sea of Stellar Activity: Chromatic Radial Velocities of the Young AU Mic Planetary System	ASTRONOMICAL JOURNAL	CALE, BRYSON L. ; REEFE, MICHAEL ; PLAVCHAN, PETER ; TANNER, ANGELLE ; GAIDOS, ERIC ; GAGNÉ, JONATHAN ; GAO, PETER ; KANE, STEPHEN R. ; BÉJAR, VÍCTOR J. S. ; LODIEU, NICOLAS ; ANGLADA-ESCUDÉ, GUILLEM ; RIBAS, IGNASI ; PALLÉ, ENRIC ; QUIRRENBACH, ANDREAS ; AMADO, PEDRO J. ; REINERS, ANSGAR ; CABALLERO, JOSÉ A. ; ROSA ZAPATERO OSORIO, MARÍA ; DREIZLER, STEFAN ; MARTIOLI, E.	A1	THE ASTRONOMICAL JOURNAL
artigoEmPeriodico	Eder Martioli	2021		http://dx.doi.org/10.3847/1538-3881/ac25ef	The Peculiar Chemical Pattern of the WASP-160 Binary System: Signatures of Planetary Formation and Evolution?	ASTRONOMICAL JOURNAL	JOFRÉ, EMILIANO ; PETRUCCI, ROMINA ; MAQUEO CHEW, YILEN GÓMEZ ; RAMÍREZ, IVAN ; SAFFE, CARLOS ; Martioli, Eder ; BUCCINO, ANDREA P. ; MA?EK, MARTIN ; GARCÍA, LUCIANO ; CANUL, ELIAB F. ; GÓMEZ, MERCEDES	A1	THE ASTRONOMICAL JOURNAL
artigoEmPeriodico	Eder Martioli	2020		http://dx.doi.org/10.1051/0004-6361/201936446	Gemini-GRACES high-quality spectra of evolved stars with transiting planets	ASTRONOMY & ASTROPHYSICS	JOFRÉ, E. ; ALMENARA, J. M. ; PETRUCCI, R. ; DÍAZ, R. F. ; GÓMEZ MAQUEO CHEW, Y. ; MARTIOLI, E. ; RAMÍREZ, I. ; GARCÍA, L. ; SAFFE, C. ; CANUL, E. F. ; BUCCINO, A. ; GÓMEZ, M. ; MORENO HILARIO, E.	A1	
artigoEmPeriodico	Eder Martioli	2020		http://dx.doi.org/10.1051/0004-6361/202038108	Early science with SPIRou: near-infrared radial velocity and spectropolarimetry of the planet-hosting star HD 189733	ASTRONOMY & ASTROPHYSICS	MOUTOU, C. ; DALAL, S. ; Donati, J.-F. ; MARTIOLI, E. ; FOLSOM, C. ; ARTIGAU, E. ; Boisse, I. ; Bouchy, F. ; Carmona, A. ; COOK, N.J. ; DELFOSSE, X. ; Doyon, R. ; FOUQUE, P. ; GAISNE, G. ; HEBRARD, G. ; HOBSON, M. ; KLEIN, B. ; LECAVELIER DES ETANGS, A. ; Morin, J.	A1	
artigoEmPeriodico	Eder Martioli	2020		http://dx.doi.org/10.1051/0004-6361/202038695	Spin-orbit alignment and magnetic activity in the young planetary system AU Mic	ASTRONOMY & ASTROPHYSICS	MARTIOLI, E.; Hébrard, G. ; MOUTOU, C. ; Donati, J.-F. ; ARTIGAU, É. ; CALE, B. ; COOK, N. ; DALAL, S. ; DELFOSSE, X. ; FORVEILLE, T. ; GAIDOS, E. ; PLAVCHAN, P. ; BERBERIAN, J. ; Carmona, A. ; CLOUTIER, R. ; Doyon, R. ; Fouqué, P. ; KLEIN, B. ; LECAVELIER DES ETANGS, A. ; MANSET, N.	A1	
artigoEmPeriodico	Eder Martioli	2020		http://dx.doi.org/10.1093/mnras/staa2569	SPIRou: nIR velocimetry & spectropolarimetry at the CFHT	MONTHLY NOTICES OF THE ROYAL ASTRONOMICAL SOCIETY	DONATI, J-F ; KOUACH, D ; MOUTOU, C ; DOYON, R ; DELFOSSE, X ; ARTIGAU, E ; BARATCHART, S ; LACOMBE, M ; BARRICK, G ; HÉBRARD, G ; BOUCHY, F ; SADDLEMYER, L ; PARÉS, L ; RABOU, P ; MICHEAU, Y ; DOLON, F ; RESHETOV, V ; CHALLITA, Z ; CARMONA, A ; MARTIOLI, E.	A1	
artigoEmPeriodico	Eder Martioli	2020		http://dx.doi.org/10.1051/0004-6361/202039168	Determining the true mass of radial-velocity exoplanets with Gaia. Nine planet candidates in the brown-dwarf/stellar regime and 27 confirmed planets	ASTRONOMY & ASTROPHYSICS	KIEFER, F. ; Hébrard, G. ; LECAVELIER DES ETANGS, A. ; MARTIOLI, E. ; DALAL, S. ; VIDAL-MADJAR, A.	A1	
artigoEmPeriodico	Eder Martioli	2020		http://dx.doi.org/10.1093/mnras/staa3702	Investigating the young AU Mic system with SPIRou: large-scale stellar magnetic field and close-in planet mass	MONTHLY NOTICES OF THE ROYAL ASTRONOMICAL SOCIETY	KLEIN, BAPTISTE ; DONATI, JEAN-FRANÇOIS ; MOUTOU, CLAIRE ; DELFOSSE, XAVIER ; BONFILS, XAVIER ; Martioli, Eder ; FOUQUÉ, PASCAL ; CLOUTIER, RYAN ; ARTIGAU, ÉTIENNE ; DOYON, RENÉ ; HÉBRARD, GUILLAUME ; MORIN, JULIEN ; RAMEAU, JULIEN ; PLAVCHAN, PETER ; GAIDOS, ERIC	A1	
artigoEmPeriodico	Eder Martioli	2019		http://dx.doi.org/10.3847/2515-5172/ab06c7	First Observation of a Planetary Transit with the SPARC4 CCD: Improved Parameters for HATS-24b	Research Notes of the AAS	OLIVEIRA, JANDERSON M. ; Martioli, Eder ; TUCCI-MAIA, MARCELO	Qualis nao identificado	RESEARCH NOTES OF THE AAS
artigoEmPeriodico	Eder Martioli	2018		http://dx.doi.org/10.1093/mnras/stx3246	SPIRou Input Catalogue: global properties of 440 M dwarfs observed with ESPaDOnS at CFHT	MONTHLY NOTICES OF THE ROYAL ASTRONOMICAL SOCIETY	FOUQUÉ, PASCAL ; MOUTOU, CLAIRE ; MALO, LISON ; Martioli, Eder ; LIM, OLIVIA ; RAJPUROHIT, ARVIND ; ARTIGAU, ETIENNE ; DELFOSSE, XAVIER ; DONATI, JEAN-FRANÇOIS ; FORVEILLE, THIERRY ; MORIN, JULIEN ; ALLARD, FRANCE ; DELAGE, RAPHAËL ; DOYON, RENÉ ; HÉBRARD, ELODIE ; NEVES, VASCO	A1	
artigoEmPeriodico	Eder Martioli	2018		http://dx.doi.org/10.1088/1538-3873/aacb1e	Characterization of the SPARC4 CCDs	PUBLICATIONS OF THE ASTRONOMICAL SOCIETY OF THE PACIFIC	BERNARDES, D V ; MARTIOLI, E ; RODRIGUES, C V	A3	
artigoEmPeriodico	Eder Martioli	2017		http://dx.doi.org/10.1051/0004-6361/201731430	Signatures of rocky planet engulfment in HAT-P-4	ASTRONOMY & ASTROPHYSICS	SAFFE, C. ; JOFRÉ, E. ; MARTIOLI, E. ; FLORES, M. ; PETRUCCI, R. ; JAQUE ARANCIBIA, M.	A1	
artigoEmPeriodico	Eder Martioli	2017		http://dx.doi.org/10.1093/mnras/stx2306	SPIRou input catalogue: activity, rotation and magnetic field of cool dwarfs	MONTHLY NOTICES OF THE ROYAL ASTRONOMICAL SOCIETY	MOUTOU, C. ; HÉBRARD, E. M. ; Morin, J. ; MALO, L. ; Fouqué, P. ; TORRES-RIVAS, A. ; MARTIOLI, E. ; DELFOSSE, X. ; ARTIGAU, E. ; Doyon, R.	A1	
artigoEmPeriodico	Eder Martioli	2017		http://dx.doi.org/10.1093/mnras/stx3009	A survey of eight hot Jupiters in secondary eclipse using WIRCam at CFHT	MONTHLY NOTICES OF THE ROYAL ASTRONOMICAL SOCIETY	Martioli, Eder; COLÓN, KNICOLE D. ; ANGERHAUSEN, DANIEL ; STASSUN, KEIVAN G. ; RODRIGUEZ, JOSEPH E. ; ZHOU, GEORGE ; SCOTT GAUDI, B. ; PEPPER, JOSHUA ; BEATTY, THOMAS G. ; TATA, RAMARAO ; JAMES, DAVID J. ; EASTMAN, JASON D. ; WILSON, PAUL ANTHONY ; BAYLISS, DANIEL ; STEVENS, DANIEL J.	A1	
artigoEmPeriodico	Eder Martioli	2016		http://dx.doi.org/10.1093/mnras/stw676	GRACES observations of young [α/Fe]-rich stars	Monthly Notices of the Royal Astronomical Society (Print)	YONG, DAVID ; CASAGRANDE, LUCA ; VENN, KIM A. ; CHENÉ, ANDRÉ-NICOLAS ; KEOWN, JARED ; MALO, LISON ; Martioli, Eder ; ALVES-BRITO, ALAN ; ASPLUND, MARTIN ; DOTTER, AARON ; MARTELL, SARAH L. ; MELÉNDEZ, JORGE ; SCHLESINGER, KATHARINE J.	A1	
artigoEmPeriodico	Eder Martioli	2015		http://dx.doi.org/10.1051/0004-6361/201423492	Measuring the continuum polarization with ESPaDOnS. Astronomy & Astrophysics (Berlin	Print)	PEREYRA, A. ; RODRIGUES, C. V. ; MARTIOLI, E.	Qualis nao identificado	PRINT)
artigoEmPeriodico	Eder Martioli	2013		http://dx.doi.org/10.1051/0004-6361/201321186	observations of very low-mass stars	ASTRONOMY & ASTROPHYSICS	MARTÍN, E. L. ; CABRERA, J. ; MARTIOLI, E. ; SOLANO, E. ; TATA, R.	A1	
artigoEmPeriodico	Eder Martioli	2011		http://dx.doi.org/10.1051/0004-6361/201016111	MOA-2009-BLG-387Lb: a massive planet orbiting an M dwarf. Astronomy & Astrophysics (Berlin	Print)	Batista, V. ; Ricci, D. ; Menzies, J. ; Sahu, K. C. ; McCormick, J. ; Burgdorf, M. J. ; Hessman, F. V. ; Bond, I. ; Koz¿owski, S. ; Makita, S. ; Shporer, A. ; Bos, M. ; Han, C. ; Spector, O. ; Perrott, Y. C. ; Janczak, J. ; Southworth, J. ; Natusch, T. ; Gaudi, B. S. ; MARTIOLI, E.	Qualis nao identificado	PRINT)
artigoEmPeriodico	Eder Martioli	2010		http://dx.doi.org/10.1088/0004-637X/708/1/625	THE MASS OF THE CANDIDATE EXOPLANET COMPANION TO HD 136118 FROM HUBBLE SPACE TELESCOPE ASTROMETRY AND HIGH-PRECISION RADIAL VELOCITIES	The Astrophysical Journal	MARTIOLI, E.; McArthur, Barbara E. ; Benedict, G. Fritz ; Bean, Jacob L. ; Harrison, Thomas E. ; Armstrong, Amber	A1	
artigoEmPeriodico	Eder Martioli	2010		http://dx.doi.org/10.1088/0004-637X/710/2/1641	A COLD NEPTUNE-MASS PLANET OGLE-2007-BLG-368Lb: Cold neptunes are common	The Astrophysical Journal	Sumi, T. ; Bennett, D. P. ; Bond, I. A. ; Udalski, A. ; Batista, V. ; Dominik, M. ; Fouqué, P. ; Kubas, D. ; Gould, A. ; Macintosh, B. ; Cook, K. ; Dong, S. ; Skuljan, L. ; Cassan, A. ; Abe, F. ; Botzler, C. S. ; Fukui, A. ; Furusawa, K. ; Hearnshaw, J. B. ; MARTIOLI, E.	A1	
artigoEmPeriodico	Eder Martioli	2010		http://dx.doi.org/10.1088/0004-6256/139/5/1844	THE MASS OF HD 38529c FROM ASTROMETRY AND HIGH-PRECISION RADIAL VELOCITIES	ASTRONOMICAL JOURNAL	Benedict, G. Fritz ; McArthur, Barbara E. ; Bean, Jacob L. ; Barnes, Rory ; Harrison, Thomas E. ; Hatzes, Artie ; Martioli, Eder ; Nelan, Edmund P.	A1	THE ASTRONOMICAL JOURNAL
artigoEmPeriodico	Eder Martioli	2010		http://dx.doi.org/10.1088/0004-637X/715/2/1203	NEW OBSERVATIONAL CONSTRAINTS ON THE ? ANDROMEDAE SYSTEM WITH DATA FROM THE AND HOBBY-EBERLY TELESCOPE	The Astrophysical Journal	McArthur, Barbara E. ; Benedict, G. Fritz. ; Barnes, Rory ; Martioli, Eder ; Korzennik, Sylvain ; Nelan, Ed ; Butler, R. Paul	A1	
artigoEmPeriodico	Eder Martioli	2010		http://dx.doi.org/10.1088/0004-637X/720/2/1073	FREQUENCY OF SOLAR-LIKE SYSTEMS AND OF ICE AND GAS GIANTS BEYOND THE SNOW LINE FROM HIGH-MAGNIFICATION MICROLENSING EVENTS IN 2005-2008	The Astrophysical Journal	Gould, A. ; Dong, Subo ; Gaudi, B. S. ; Udalski, A. ; Bond, I. A. ; Greenhill, J. ; Street, R. A. ; Dominik, M. ; Sumi, T. ; Szyma?ski, M. K. ; Han, C. ; Allen, W. ; Bolt, G. ; Bos, M. ; Christie, G. W. ; DePoy, D. L. ; Drummond, J. ; Eastman, J. D. ; Gal-Yam, A. ; MARTIOLI, E.	A1	
artigoEmPeriodico	Eder Martioli	2010		http://dx.doi.org/10.1051/0004-6361/201014219	Identification of strong photometric activity in the components of LHS 1070. Astronomy & Astrophysics (Berlin	Print)	ALMEIDA, L. A. ; Jablonski, F. ; Martioli, Eder	Qualis nao identificado	PRINT)
artigoEmPeriodico	Eder Martioli	2006		http://dx.doi.org/10.1017/S1743921307007090	How to look for planetary transits using small telescopes and commercial CCDs in developing countries	Proceedings of the International Astronomical Union (Print)	Martioli, Eder; Jablonski, F.	Qualis nao identificado	PROCEEDINGS OF THE INTERNATIONAL ASTRONOMICAL UNION
trabalhoCompletoEmCongresso	Eder Martioli	2014	http://dx.doi.org/10.1117/12.2057417	GRACES: Gemini remote access to CFHT ESPaDOnS spectrograph through the longest astronomical fiber ever made: experimental phase completed	SPIE Astronomical Telescopes + Instrumentation	NAVARRO, RAMÓN ; CUNNINGHAM, COLIN R. ; BARTO, ALLISON A. ; CHENE, ANDRÉ-NICOLAS ; PADZER, JOHN ; BARRICK, GREGORY ; ANTHONY, ANDRE ; BENEDICT, TOM ; DUNCAN, DAVE ; GIGOUX, PEDRO ; KLEINMAN, SCOT ; MALO, LISON ; Martioli, Eder ; MOUTOU, CLAIRE ; PLACCO, VINICIUS ; RESHETOVAND, VLADIMIR ; RHEE, JAEHYON ; ROTH, KATHERINE ; SCHIAVON, RICARDO ; TOLLESTRUP, ERIC V.		
trabalhoCompletoEmCongresso	Eder Martioli	2014	http://dx.doi.org/10.1117/12.2055663	SPIRou: the near-infrared spectropolarimeter/high-precision velocimeter for the Canada-France-Hawaii telescope	SPIE Astronomical Telescopes + Instrumentation	RAMSAY, SUZANNE K. ; MCLEAN, IAN S. ; TAKAMI, HIDEKI ; ARTIGAU, ÉTIENNE ; KOUACH, DRISS ; DONATI, JEAN-FRANÇOIS ; DOYON, RENÉ ; DELFOSSE, XAVIER ; BARATCHART, SÉBASTIEN ; LACOMBE, MARIELLE ; MOUTOU, CLAIRE ; RABOU, PATRICK ; PARÈS, LAURENT P. ; MICHEAU, YOAN ; THIBAULT, SIMON ; RESHETOV, VLADIMIR A. ; DUBOIS, BRUNO ; HERNANDEZ, OLIVIER ; VALLÉE, PHILIPPE ; MARTIOLI, E.		
trabalhoCompletoEmCongresso	Eder Martioli	2013		World-leading science with SPIRou - The nIR spectropolarimeter / high-precision velocimeter for CFHT	Annual meeting of the French Society of Astronomy and Astrophysics	Delfosse, X ; Donati, J.-F ; Kouach, D. ; Hébrard, G. ; Doyon, R. ; Artigau, E. ; Bouchy, F. ; Boisse, I. ; Brun, A. S. ; Hennebelle, P. ; Widemann, T. ; Bouvier, J. ; Bonfils, X. ; Morin, J. ; Moutou, C. ; Pepe, F. ; Udry, S. ; do Nascimento, J.-D. ; Alencar, S. H. P. ; MARTIOLI, E.		
trabalhoCompletoEmCongresso	Eder Martioli	2012	http://dx.doi.org/10.1117/12.926626	GRACES, the Gemini remote access CFHT ESPaDOnS spectrograph: initial design and testing	SPIE Astronomical Telescopes + Instrumentation	TOLLESTRUP, ERIC V. ; PAZDER, JOHN ; BARRICK, GREGORY ; Martioli, Eder ; SCHIAVON, RICARDO ; ANTHONY, ANDRÉ ; HALMAN, MARK ; VEILLET, CHRISTIAN ; MCLEAN, IAN S. ; RAMSAY, SUZANNE K. ; TAKAMI, HIDEKI		
trabalhoCompletoEmCongresso	Eder Martioli	2012	http://dx.doi.org/10.1117/12.926627	Open source pipeline for ESPaDOnS reduction and analysis	SPIE Astronomical Telescopes + Instrumentation	Martioli, Eder; TEEPLE, DOUG ; MANSET, NADINE ; DEVOST, DANIEL ; WITHINGTON, KANOA ; VENNE, ANDRE ; TANNOCK, MEGAN		
artigoEmPeriodico	Luciano Fraga	2023		http://dx.doi.org/10.1093/mnras/stad1827	The VISCACHA survey - VII	Assembly history of the Magellanic Bridge and SMC Wing from star clusters. MONTHLY NOTICES OF THE ROYAL ASTRONOMICAL SOCIETY	OLIVEIRA, R A P ; MAIA, F F S ; BARBUY, B ; DIAS, B ; SANTOS, J F C ; SOUZA, S O ; KERBER, L O ; BICA, E ; SANMARTIM, D ; QUINT, B ; FRAGA, L ; ARMOND, T ; MINNITI, D ; PARISI, M C ; KATIME SANTRICH, O J ; ANGELO, M S ; PÉREZ-VILLEGAS, A ; DE BÓRTOLI, B J	Qualis nao identificado	ASSEMBLY HISTORY OF THE MAGELLANIC BRIDGE AND SMC WING FROM STAR CLUSTERS. MONTHLY NOTICES OF THE ROYAL ASTRONOMICAL SOCIETY
artigoEmPeriodico	Luciano Fraga	2023		http://dx.doi.org/10.1051/0004-6361/202346648	The VISCACHA survey	VIII. Chemical evolution history of the Small Magellanic Cloud west halo clusters. ASTRONOMY & ASTROPHYSICS	SAROON, S. ; DIAS, BRUNO ; TSUJIMOTO, TAKUJI ; PARISI, M.C. ; MAIA, FRANCISCO ; KERBER, LEANDRO ; BEKKI, KENJI ; MINNITI, DANTE ; OLIVEIRA, R.A.P. ; WESTERA, P. ; KATIME SANTRICH, ORLANDO J. ; BICA, EDUARDO ; SANMARTIM, DAVID ; CORREA QUINT, BRUNO ; FRAGA, LUCIANO	Qualis nao identificado	VIII. CHEMICAL EVOLUTION HISTORY OF THE SMALL MAGELLANIC CLOUD WEST HALO CLUSTERS. ASTRONOMY & ASTROPHYSICS
artigoEmPeriodico	Luciano Fraga	2023		http://dx.doi.org/10.3847/2041-8213/ad07e6	VVV-WIT-12 and Its Fashionable Nebula: A 4 yr Long-period Young Stellar Object with a Light Echo?	Astrophysical Journal Letters	SAITO, ROBERTO K. ; STECKLUM, BRINGFRIED ; MINNITI, DANTE ; LUCAS, PHILIP W. ; GUO, ZHEN ; SMITH, LEIGH C. ; FRAGA, LUCIANO ; NAVARETE, FELIPE ; BEAMÍN, JUAN CARLOS ; MORRIS, CALUM	A1	
artigoEmPeriodico	Luciano Fraga	2022		http://dx.doi.org/10.1093/mnras/stac093	Discovery of 74 new bright ZZ Ceti stars in the first three years of	MONTHLY NOTICES OF THE ROYAL ASTRONOMICAL SOCIETY	et al. ; ROMERO, ALEJANDRA D ; Kepler, S O ; HERMES, J J ; AMARAL, LARISSA ANTUNES ; UZUNDAG, MURAT ; BOGNÁR, ZSÓFIA ; BELL, KEATON J ; VANWYNGARDEN, MADISON ; BARAN, ANDY ; Pelisoli, Ingrid ; OLIVEIRA, GABRIELA DA ROSA ; KOESTER, DETLEV ; KLIPPEL, T S ; FRAGA, LUCIANO ; BRADLEY, PAUL A ; VUč ; HEINTZ, TYLER M ; REDING, JOSHUA S ; KAISER, B C ; CHARPINET, STÉPHANE	A1	
artigoEmPeriodico	Luciano Fraga	2022		http://dx.doi.org/10.1093/mnras/stac259	The VISCACHA survey - IV	The SMC West Halo in 8D. MONTHLY NOTICES OF THE ROYAL ASTRONOMICAL SOCIETY	et al. ; DIAS, B ; PARISI, M C ; ANGELO, M ; MAIA, F ; OLIVEIRA, R A P ; SOUZA, S O ; KERBER, L O ; SANTOS, J F C ; PÉREZ-VILLEGAS, A ; SANMARTIM, D ; QUINT, B ; FRAGA, L ; BARBUY, B ; BICA, E ; SANTRICH, O J KATIME ; HERNANDEZ-JIMENEZ, J A ; GEISLER, D ; MINNITI, D ; DE BÓRTOLI, B J ; BASSINO, L P	Qualis nao identificado	THE SMC WEST HALO IN 8D. MONTHLY NOTICES OF THE ROYAL ASTRONOMICAL SOCIETY
artigoEmPeriodico	Luciano Fraga	2022		http://dx.doi.org/10.1038/s41467-022-27988-4	Orbital stability analysis and photometric characterization of the second Earth Trojan asteroid 2020 XL5	Nature Communications	SANTANA-ROS, T. ; MICHELI, M. ; FAGGIOLI, L. ; CENNAMO, R. ; DEVOGÈLE, M. ; ALVAREZ-CANDAL, A. ; OSZKIEWICZ, D. ; RAMÍREZ, O. ; LIU, P.-Y. ; BENAVIDEZ, P. G. ; CAMPO BAGATIN, A. ; CHRISTENSEN, E. J. ; WAINSCOAT, R. J. ; WERYK, R. ; Fraga, L. ; BRICEÑO, C. ; CONVERSI, L.	A1	
artigoEmPeriodico	Luciano Fraga	2021		http://dx.doi.org/10.1093/mnras/stab1211	VVV-WIT-08: the giant star that blinked	MONTHLY NOTICES OF THE ROYAL ASTRONOMICAL SOCIETY	SMITH, LEIGH C ; KOPOSOV, SERGEY E ; LUCAS, PHILIP W ; SANDERS, JASON L ; MINNITI, DANTE ; UDALSKI, ANDRZEJ ; EVANS, N WYN ; AGUADO, DAVID ; IVANOV, VALENTIN D ; SAITO, ROBERTO K ; FRAGA, LUCIANO ; PIETRUKOWICZ, PAWEL ; PENOYRE, ZEPHYR ; GONZÁLEZ-FERNÁNDEZ, CARLOS	A1	
artigoEmPeriodico	Luciano Fraga	2020		http://dx.doi.org/10.1093/mnras/staa899	Linking compact dwarf starburst galaxies in the RESOLVE survey to downsized blue nuggets	MONTHLY NOTICES OF THE ROYAL ASTRONOMICAL SOCIETY	PALUMBO, MICHAEL L ; KANNAPPAN, SHEILA J ; FRAZER, ELAINE M ; ECKERT, KATHLEEN D ; NORMAN, DARA J ; FRAGA, LUCIANO ; QUINT, BRUNO C ; AMRAM, PHILIPPE ; MENDES DE OLIVEIRA, CLAUDIA ; BITTNER, ASHLEY S ; MOFFETT, AMANDA J ; STARK, DAVID V ; NORRIS, MARK A ; CLEAVES, NATHANIEL T ; CARR, DERRICK S	A1	
artigoEmPeriodico	Luciano Fraga	2020		http://dx.doi.org/10.1093/mnras/staa1500	The nuclear region of NGC 613	II - Kinematics and stellar archaeology. MONTHLY NOTICES OF THE ROYAL ASTRONOMICAL SOCIETY	DA SILVA, PATRÍCIA ; FRAGA, LUCIANO ; MENEZES, R B ; STEINER, J E	Qualis nao identificado	II - KINEMATICS AND STELLAR ARCHAEOLOGY. MONTHLY NOTICES OF THE ROYAL ASTRONOMICAL SOCIETY
artigoEmPeriodico	Luciano Fraga	2020		http://dx.doi.org/10.1093/mnras/staa2425	The VISCACHA survey - II	Structure of star clusters in the Magellanic Clouds periphery. MONTHLY NOTICES OF THE ROYAL ASTRONOMICAL SOCIETY	SANTOS, JOÃO F C ; MAIA, FRANCISCO F S ; DIAS, BRUNO ; KERBER, LEANDRO DE O ; PIATTI, ANDRÉS E ; BICA, EDUARDO ; ANGELO, MATEUS S ; MINNITI, DANTE ; PÉREZ-VILLEGAS, ANGELES ; ROMAN-LOPES, ALEXANDRE ; WESTERA, PIETER ; FRAGA, LUCIANO ; QUINT, BRUNO ; SANMARTIM, DAVID	Qualis nao identificado	STRUCTURE OF STAR CLUSTERS IN THE MAGELLANIC CLOUDS PERIPHERY. MONTHLY NOTICES OF THE ROYAL ASTRONOMICAL SOCIETY
artigoEmPeriodico	Luciano Fraga	2020		http://dx.doi.org/10.1093/mnrasl/slaa106	Pulsation in the white dwarf HE 1017−1352: confirmation of the class of hot DAV stars. Royal Astronomical Society. Monthly Notices	Letters (Print)	SHIBAHASHI, H ; Kepler, S O ; FRAGA, L ; ROMERO, ALEJANDRA D ; KURTZ, D ; ANTUNES AMARAL, L	Qualis nao identificado	LETTERS
artigoEmPeriodico	Luciano Fraga	2020		http://dx.doi.org/10.1093/mnras/staa2433	Rotational modulation and single g-mode pulsation in the B9pSi star HD 174356?	MONTHLY NOTICES OF THE ROYAL ASTRONOMICAL SOCIETY	et al. ; MIKULÁ?EK, Z ; PAUNZEN, E ; HÜMMERICH, S ; NIEMCZURA, E ; WALCZAK, P ; FRAGA, L ; BERNHARD, K ; JANÍK, J ; HUBRIG, S ; JÄRVINEN, S ; JAGELKA, M ; PINTADO, O I ; KRTIč ; PRI?EGEN, M ; SKARKA, M ; ZEJDA, M ; ILYIN, I ; PRIBULLA, T ; KAMI'SKI, K ; KAMI'SKA, M K	A1	
artigoEmPeriodico	Luciano Fraga	2020		http://dx.doi.org/10.1051/0004-6361/202038088	Spectroscopic study of the HII regions in the NGC 1232 galaxy	ASTRONOMY & ASTROPHYSICS	LIMA-COSTA, F. ; MARTINS, L.P. ; RODRÍGUEZ-ARDILA, A. ; Fraga, L.	A1	
artigoEmPeriodico	Luciano Fraga	2019		http://dx.doi.org/10.1093/mnras/stz369	The VISCACHA survey - I	Overview and First Results-. MONTHLY NOTICES OF THE ROYAL ASTRONOMICAL SOCIETY	MAIA, FRANCISCO F S ; DIAS, BRUNO ; F C SANTOS, JOÃO ; KERBER, LEANDRO DE O ; BICA, EDUARDO ; PIATTI, ANDRÉS E ; BARBUY, BEATRIZ ; QUINT, BRUNO ; FRAGA, LUCIANO ; SANMARTIM, DAVID ; ANGELO, MATEUS S ; HERNANDEZ-JIMENEZ, JOSE A ; KATIME SANTRICH, ORLANDO J ; OLIVEIRA, RAPHAEL A P ; PÉREZ-VILLEGAS, ANGELES ; SOUZA, STEFANO O ; VIEIRA, RODRIGO G ; WESTERA, PIETER	Qualis nao identificado	OVERVIEW AND FIRST RESULTS-. MONTHLY NOTICES OF THE ROYAL ASTRONOMICAL SOCIETY
artigoEmPeriodico	Luciano Fraga	2019		http://dx.doi.org/10.1093/mnras/stz2571	Ground based observation of ZZ Ceti stars and the discovery of four new variables	MONTHLY NOTICES OF THE ROYAL ASTRONOMICAL SOCIETY	ROMERO, ALEJANDRA D ; AMARAL, L ANTUNES ; KLIPPEL, T ; SANMARTIM, D ; FRAGA, L ; OURIQUE, G ; PELISOLI, I ; LAUFFER, G R ; Kepler, S O ; KOESTER, D	A1	
artigoEmPeriodico	Luciano Fraga	2018		http://dx.doi.org/10.1051/0004-6361/201732257	Orbital parameters and evolutionary status of the highly peculiar binary system HD 66051	ASTRONOMY & ASTROPHYSICS	PAUNZEN, E. ; FEDURCO, M. ; HE'MINIAK, K. G. ; PINTADO, O. I. ; HAMBSCH, F.-J. ; HÜMMERICH, S. ; NIEMCZURA, E. ; BERNHARD, K. ; KONACKI, M. ; HUBRIG, S. ; Fraga, L.	A1	
artigoEmPeriodico	Luciano Fraga	2018		http://dx.doi.org/10.3847/1538-3881/aab6b2	Star Formation Rate Distribution in the Galaxy NGC 1232	The Astronomical Journal	DE SOUZA, ALEXANDRE ARAÚJO ; MARTINS, LUCIMARA P. ; RODRÍGUEZ-ARDILA, ALBERTO ; FRAGA, LUCIANO	A1	
artigoEmPeriodico	Luciano Fraga	2018		http://dx.doi.org/10.1093/mnras/sty1101	The sdA problem - II	Photometric and spectroscopic follow-up. MONTHLY NOTICES OF THE ROYAL ASTRONOMICAL SOCIETY	Pelisoli, Ingrid ; Kepler, S O ; KOESTER, D ; CASTANHEIRA, B G ; ROMERO, A D ; FRAGA, L	Qualis nao identificado	PHOTOMETRIC AND SPECTROSCOPIC FOLLOW-UP. MONTHLY NOTICES OF THE ROYAL ASTRONOMICAL SOCIETY
artigoEmPeriodico	Luciano Fraga	2015		http://dx.doi.org/10.1093/mnras/stu2472	New SX Phe variables in the globular cluster NGC 288	Monthly Notices of the Royal Astronomical Society (Print)	MARTINAZZI, E. ; Kepler, S. O. ; Costa, J. E. S. ; PIERES, A. ; BONATTO, C. ; BICA, E. ; Fraga, L.	A1	
artigoEmPeriodico	Luciano Fraga	2014		http://dx.doi.org/10.1093/mnras/stu1019	Discovery of a new PG 1159 (GW Vir) pulsator	Monthly Notices of the Royal Astronomical Society (Print)	Kepler, S. O. ; Fraga, L. ; Winget, D. E. ; BELL, K. ; CORSICO, A. H. ; WERNER, K.	A1	
artigoEmPeriodico	Luciano Fraga	2014		http://dx.doi.org/10.1093/mnras/stu1276	The first Δa observations of three globular clusters	Monthly Notices of the Royal Astronomical Society (Print)	PAUNZEN, E. ; ILIEV, I. T. ; PINTADO, O. ; BAUM, H. ; MAITZEN, H. ; NETOPIL, M. ; ONEHAG, A. ; ZEJDA, M. ; FRAGA, LUCIANO	A1	
artigoEmPeriodico	Luciano Fraga	2013		http://dx.doi.org/10.1093/mnras/sts522	Magnetic white dwarf stars in the Sloan Digital Sky Survey. Royal Astronomical Society	Monthly Notices	Kepler, S. O. ; PELISOLI, I. ; JORDAN, S. ; Kleinman, S. J. ; KOESTER, D. ; KULEBI, B. ; PECANHA, V. ; Castanheira, B. G. ; Nitta, A. ; Costa, J. E. S. ; Winget, D. E. ; KANAAN, A. ; Fraga, L.	Qualis nao identificado	MONTHLY NOTICES
artigoEmPeriodico	Luciano Fraga	2013		http://dx.doi.org/10.1088/0004-637X/765/1/5	PERIODIC VARIATIONS IN THE ¿ DIAGRAMS OF FIVE PULSATION FREQUENCIES OF THE DB WHITE DWARF EC 20058¿5234	Astrophysical Journal (Online)	Dalessio, J. ; Sullivan, D. J. ; Provencal, J. L. ; Shipman, H. L. ; Sullivan, T. ; Kilkenny, D. ; Fraga, L. ; Sefako, R.	A1	THE ASTROPHYSICAL JOURNAL
artigoEmPeriodico	Luciano Fraga	2013		http://dx.doi.org/10.1093/mnras/sts474	Discovery of five new massive pulsating white dwarf stars. Royal Astronomical Society	Monthly Notices	Castanheira, B. G. ; Kepler, S. O. ; Kleinman, S. J. ; Nitta, A. ; Fraga, L.	Qualis nao identificado	MONTHLY NOTICES
artigoEmPeriodico	Luciano Fraga	2013		http://dx.doi.org/10.1088/0004-6256/145/6/165	SOAR ADAPTIVE OPTICS OBSERVATIONS OF THE GLOBULAR CLUSTER NGC 6496	The Astronomical Journal (New York, N.Y.)	FRAGA, LUCIANO; KUNDER, ANDREA ; TOKOVININ, ANDREI	A1	
artigoEmPeriodico	Luciano Fraga	2013		http://dx.doi.org/10.1088/0004-637x/779/1/58	ASTEROSEISMOLOGICAL STUDY OF MASSIVE ZZ CETI STARS WITH FULLY EVOLUTIONARY MODELS	THE ASTROPHYSICAL JOURNAL	Romero, A. D. ; Kepler, S. O. ; Córsico, A. H. ; ALTHAUS, L. G. ; Fraga, L.	A1	
artigoEmPeriodico	Luciano Fraga	2012		http://dx.doi.org/10.1088/0004-637x/746/1/73	He II ¿4686 IN ¿ CARINAE: COLLAPSE OF THE WIND-WIND COLLISION REGION DURING PERIASTRON PASSAGE	Astrophysical Journal (Online)	et al. ; TEODORO, M. ; DAMINELI, A. ; Arias, J. I. ; de Araújo, F. X. ; Barbá, R. H. ; CORCORAN, M. F. ; Borges Fernandes, M. ; Fernández-Lajús, E. ; Fraga, L. ; Gamen, R. C. ; González, J. F. ; Groh, J. H. ; Marshall, J. L. ; McGregor, P. J. ; Morrell, N. ; Nicholls, D. C. ; Parkin, E. R. ; Pereira, C. B. ; Phillips, M. M.	A1	THE ASTROPHYSICAL JOURNAL
artigoEmPeriodico	Luciano Fraga	2012		http://dx.doi.org/10.1088/0004-637X/757/2/177	SEISMOLOGY OF A MASSIVE PULSATING HYDROGEN ATMOSPHERE WHITE DWARF	Astrophysical Journal (Online)	S. O. Kepler ; Kepler, S. O. ; Pelisoli, Ingrid ; Peçanha, Viviane ; Costa, J. E. S. ; FRAGA, L. ; Hermes, J. J. ; Winget, D. E. ; Castanheira, Barbara ; Córsico, A. H. ; Romero, A. D. ; Althaus, Leandro ; Kleinman, S. J. ; Nitta, A. ; KOESTER, D. ; Külebi, Baybars ; Jordan, Stefan ; Kanaan, Antonio	A1	THE ASTROPHYSICAL JOURNAL
artigoEmPeriodico	Luciano Fraga	2012		http://dx.doi.org/10.1088/0004-637x/751/2/91	EMPIRICAL DETERMINATION OF CONVECTION PARAMETERS IN WHITE DWARFS. I. WHOLE EARTH TELESCOPE OBSERVATIONS OF EC14012-1446	Astrophysical Journal (Online)	et al. ; PROVENCAL, J. L. ; FREMY, J. R. ; CLEMENS, J. C. ; Bischoff-Kim, A. ; MAKSIM, A. ; SEFAKO, R. ; Chandler, D. ; Baran, A. ; LOARING, N. ; Winiarski, M. ; PEREZ, J. ; KEPLER, S. O. ; SHIH, C. Y. ; CASTANHEIRA, B. ; Sergeev, A. V. ; KLEINMAN, S. J. ; Henrique, P. ; Yang, M. ; Ogloza, W. ; FRAGA, L.	A1	THE ASTROPHYSICAL JOURNAL
artigoEmPeriodico	Luciano Fraga	2012		http://dx.doi.org/10.1111/j.1365-2966.2011.20007.x	HD 210111: a new λ Bootis-type spectroscopic binary system	Monthly Notices of the Royal Astronomical Society (Print)	PAUNZEN, E. ; HEITER, U. ; FRAGA, L. ; PINTADO, O.	A1	
artigoEmPeriodico	Luciano Fraga	2011		http://dx.doi.org/10.1088/0004-6256/141/3/84	GALEX and Optical Observations of GW Librae during the Long Decline from Superoutburst	The Astronomical Journal (New York, N.Y.)	Bullock, Eric ; Plotkin, Richard M. ; GÃ¤nsicke, Boris T. ; Teske, Johanna ; Borges, Bernardo W. ; Holtzman, Jon ; Szkody, Paula ; Lawson, Warrick A. ; Vrba, Frederick J. ; FRAGA, LUCIANO ; Levine, Stephen ; Seibert, Mark ; Howell, Steve B. ; Templeton, Matthew ; Henden, Arne ; Harrison, Thomas E. ; Mukadam, Anjum S.	A1	
artigoEmPeriodico	Luciano Fraga	2011		http://dx.doi.org/10.1111/j.1365-2966.2011.18743.x	The pulsations of PG 1351+489	Monthly Notices of the Royal Astronomical Society (Print)	et al. ; Redaelli, M. ; Dalessio, J. ; Pfeiffer, B. ; Sefako, R. ; Mei¿tas, E. G. ; Andreev, M. V. ; Rosen, R. ; Pajdosz, G. ; Vats, H. O. ; Nather, R. E. ; Leibowitz, E. ; Giovannini, O. ; Strickland, W. ; Wood, M. A. ; Thompson, S. E. ; O&apos ; Zola, S. ; Janulis, R. ; Sergeev, A. V. ; FRAGA, L.	A1	
artigoEmPeriodico	Luciano Fraga	2010		http://dx.doi.org/10.1111/j.1365-2966.2010.16633.x	New developments of the ZZ Ceti instability strip: the discovery of 11 new variables?	Monthly Notices of the Royal Astronomical Society (Print),	Castanheira, B. G. ; KEPLER, S. O. ; Kleinman, S. J. ; NITTA, A. ; FRAGA, L.	A1	MONTHLY NOTICES OF THE ROYAL ASTRONOMICAL SOCIETY
artigoEmPeriodico	Luciano Fraga	2009		http://dx.doi.org/10.1088/0004-637X/693/1/564	2006 WHOLE EARTH TELESCOPE OBSERVATIONS OF GD358: A NEW LOOK AT THE PROTOTYPE DBV	The Astrophysical Journal	et al. ; Provencal, J. L. ; Montgomery, M. H. ; KANAAN, A. ; Shipman, H. L. ; Childers, D. ; Baran, A. ; KEPLER, S. O. ; Reed, M. ; Zhou, A. ; Eggen, J. ; Watson, T. K. ; Winget, D. E. ; Thompson, S. E. ; Riaz, B. ; NITTA, A. ; Kleinman, S. J. ; Crowe, R. ; Slivkoff, J. ; Sherard, P. ; FRAGA, L.	A1	
artigoEmPeriodico	Luciano Fraga	2007		http://dx.doi.org/10.1051/0004-6361:20077700	The helium weak silicon star HR?7224	Astronomy & Astrophysics (Berlin)	LEHMANN, H. ; Tkachenko, A. ; FRAGA, L. ; Fraga, L. ; TSYMBAL, V. ; Mkrtichian, D. E.	A1	
artigoEmPeriodico	Luciano Fraga	2006		http://dx.doi.org/10.1051/0004-6361:20053149	Whole Earth telescope observations of the ZZ Ceti star HL Tau 76	Astronomy & Astrophysics (Berlin)	et al. ; Dolez, N. ; Vauclair, G. ; Kleinman, S. J. ; Chevreton, M. ; Fu, J. N. ; Solheim, J.-E. ; González Perez, J. M. ; Ulla, A. ; Fraga, L. ; FRAGA, L. ; KANAAN, A. ; Reed, M. ; Kawaler, S. ; O'Brien, M. S. ; Metcalfe, T. S. ; Nather, R. E. ; Sanwal, D. ; Klumpe, E. W. ; Mukadam, A. ; Wood, M. A.	A1	
artigoEmPeriodico	Luciano Fraga	2006		http://dx.doi.org/10.1051/0004-6361:20065508	The helium-weak silicon star HR 7224	Astronomy & Astrophysics (Berlin)	LEHMANN, H. ; TSYMBAL, V. ; Mkrtichian, D. E. ; Fraga, L. ; FRAGA, L.	A1	
artigoEmPeriodico	Luciano Fraga	2006		http://dx.doi.org/10.1086/505137	Whole Earth Telescope Observations of the Pulsating Subdwarf B Star PG 0014+067	The Astrophysical Journal	et al. ; Vu?kovi?, M. ; Kawaler, S. D. ; O¿Toole, S. ; Csubry, Z. ; Baran, A. ; Zola, S. ; Moskalik, P. ; Klumpe, E. W. ; Riddle, R. ; O¿Brien, M. S. ; Mullally, F. ; Wood, M. A. ; Wilkat, V. ; Zhou, A.?Y. ; Reed, M. D. ; Terndrup, D. M. ; Sullivan, D. J. ; Kim, S.?L. ; Chen, W. P. ; FRAGA, L.	A1	
artigoEmPeriodico	Luciano Fraga	2005		http://dx.doi.org/10.1111/j.1365-2966.2005.08807.x	Pushing the ground-based limit: 14-mumag photometric precision with the definitive Whole Earth Telescope asteroseismic data set for the rapidly oscillating Ap star HR 1217	Monthly Notices of the Royal Astronomical Society	et al. ; KURTZ, D. W. ; Cameron, C. ; Cunha, M. S. ; Dolez, N. ; Vauclair, G. ; Pallier, E. ; Ulla, A. ; KEPLER, S. O. ; da Costa, A. ; KANAAN, A. ; FRAGA, L. ; Fraga, L. ; Giovannini, O. ; Wood, M. A. ; Silvestri, N. ; Kawaler, S. D. ; Riddle, R. L. ; Reed, M. D. ; Watson, T. K. ; Metcalfe, T. S.	A1	
artigoEmPeriodico	Luciano Fraga	2005		http://dx.doi.org/10.1051/0004-6361:20041125	Whole Earth Telescope observations of BPM?37093: A?seismologicaltest of crystallization theory in white dwarfs	Astronomy & Astrophysics (Berlin)	et al. ; KANAAN, A. ; NITTA, A. ; Winget, D. E. ; KEPLER, S. O. ; Montgomery, M. H. ; Metcalfe, T. S. ; OLIVEIRA, H. ; Fraga, L. ; FRAGA, L. ; da Costa, A. F. M. ; Costa, J. E. S. ; Castanheira, B. G. ; Giovannini, O. ; Nather, R. E. ; Mukadam, A. ; Kawaler, S. D. ; O'Brien, M. S. ; Reed, M. D. ; Kleinman, S. J. ; Provencal, J. L.	A1	
artigoEmPeriodico	Luciano Fraga	2003		http://dx.doi.org/10.1046/j.1365-8711.2003.06373.x	Amplitude and frequency variability of the pulsating DB white dwarf stars KUV 05134+2605 and PG 1654+160 observed with the Whole Earth Telescope	Monthly Notices of the Royal Astronomical Society	et al. ; Handler, G. ; O'Donoghue, D. ; Muller, M. ; Solheim, J.-E. ; Gonzalez-Perez, J. M. ; Johannessen, F. ; Paparo, M. ; Szeidl, B. ; Viraghalmy, G. ; Silvotti, R. ; Vauclair, G. ; Dolez, N. ; Pallier, E. ; Chevreton, M. ; KURTZ, D. W. ; Bromage, G. E. ; Cunha, M. S. ; Ostensen, R. ; Fraga, L. ; FRAGA, L.	A1	
artigoEmPeriodico	Luciano Fraga	2003		http://dx.doi.org/10.1086/377044	Constraining the Evolution of ZZ Ceti	The Astrophysical Journal	et al. ; Mukadam, Anjum S. ; KEPLER, S. O. ; Winget, D. E. ; Nather, R. E. ; Kilic, M. ; Mullally, F. ; von Hippel, T. ; Kleinman, S. J. ; NITTA, A. ; Guzik, J. A. ; Bradley, P. A. ; Matthews, J. ; Sekiguchi, K. ; Sullivan, D. J. ; Sullivan, T. ; Shobbrook, R. R. ; Birch, P. ; Jiang, X. J. ; Xu, D. W. ; FRAGA, L.	A1	
artigoEmPeriodico	Luciano Fraga	2003			High Precision with the Whole Earth Telescope: Lessons and Some Results from XCov20 for the roAp Star HR 1217	Baltic Astronomy	KURTZ, D. W. ; et al ; FRAGA, L.	Qualis nao identificado	BALTIC ASTRONOMY
artigoEmPeriodico	Luciano Fraga	2002		http://dx.doi.org/10.1046/j.1365-8711.2002.05294.x	Discovery of the 'missing' mode in HR 1217 by the Whole Earth Telescope	Monthly Notices of the Royal Astronomical Society (Print)	FRAGA, L.; et al. ; KURTZ, D. W. ; Kawaler, S. D. ; Riddle, R. L. ; Reed, M. D. ; Cunha, M. S. ; Wood, M. ; Silvestri, N. ; Watson, T. K. ; Dolez, N. ; Moskalik, P. ; Zola, S. ; Pallier, E. ; Guzik, J. A. ; Metcalfe, T. S. ; Mukadam, A. S. ; Nather, R. E. ; Winget, D. E. ; Sullivan, D. J. ; Sullivan, T.	A1	
trabalhoCompletoEmCongresso	Luciano Fraga	2022	http://dx.doi.org/10.1117/12.2629475	Design of a Skipper CCD focal plane for the SOAR integral field spectrograph	XRay	MARRUFO VILLALPANDO, EDGAR ; DRLICA-WAGNER, ALEX ; BONATI, MARCO ; BAKSHI, ABHISHEK ; BAWDEN DE PAULA MACANHAN, VANESSA ; CANCINO, BRAULIO ; DERYLO, GREGORY E. E. ; ESTRADA, JUAN ; FERNANDEZ MORONI, GUILLERMO ; FRAGA, LUCIANO ; HOLLAND, STEPHEN ; JONAS, MICHELLE J. J. ; LAPI, AGUSTIN ; MOORE, PETER ; PLAZAS MALAGÓN, ANDRÉS A. ; STEFANAZZI, LEANDRO ; TIFFENBERG, JAVIER		
trabalhoCompletoEmCongresso	Luciano Fraga	2014	http://dx.doi.org/10.1117/12.2056608	Temperature control system for optical elements in astronomical instrumentation	SPIE Astronomical Telescopes + Instrumentation	VERDUCCI, ORLANDO ; DE OLIVEIRA, ANTONIO C. ; RIBEIRO, FLÁVIO F. ; VITAL DE ARRUDA, MÁRCIO ; GNEIDING, CLEMENS D. ; FRAGA, LUCIANO		
trabalhoCompletoEmCongresso	Luciano Fraga	2014	http://dx.doi.org/10.1117/12.2056647	Developing a new technology in the construction of fiber lenslet IFUs	SPIE Astronomical Telescopes + Instrumentation	DE OLIVEIRA, ANTONIO CESAR ; FRAGA, LUCIANO ; DE OLIVEIRA, LIGIA SOUZA ; CASTILHO, BRUNO ; GNEIDING, CLEMENS ; VERDUCCI JUNIOR, ORLANDO		
resumoExpandidoEmCongresso	Luciano Fraga	2019	Acquisition Control System of the SPARC4 Astronomical Instrument	Frontiers in Optics, 2019, Washington. Frontiers in Optics + Laser Science APS/DLS	BERNARDES, DENIS V. ; MARTIOLI, EDER ; FRAGA, LUCIANO ; SPADOTI, DANILO H.		
artigoEmPeriodico	Wagner José Corradi Barbosa	2023		http://dx.doi.org/10.1093/mnras/stad1038	Enlightening the dynamical evolution of Galactic open clusters: an approach using Gaia DR3 and analytical descriptions	MONTHLY NOTICES OF THE ROYAL ASTRONOMICAL SOCIETY	ANGELO, M S ; SANTOS JR., J F C ; MAIA, F F S ; CORRADI, W J B	A1	
artigoEmPeriodico	Wagner José Corradi Barbosa	2022		http://dx.doi.org/10.1093/mnras/stab3807	Investigating Galactic binary cluster candidates with EDR3	MONTHLY NOTICES OF THE ROYAL ASTRONOMICAL SOCIETY	ANGELO, M S ; SANTOS, J F C ; MAIA, F F S ; CORRADI, W J B	A1	
artigoEmPeriodico	Wagner José Corradi Barbosa	2021		http://dx.doi.org/10.1093/mnras/staa3192	Characterizing dynamical states of Galactic open clusters with Gaia DR2	MONTHLY NOTICES OF THE ROYAL ASTRONOMICAL SOCIETY	ANGELO, M S ; CORRADI, W J B ; SANTOS, J F C ; MAIA, F F S ; FERREIRA, F A	A1	
artigoEmPeriodico	Wagner José Corradi Barbosa	2021		http://dx.doi.org/10.1093/mnrasl/slab011	New star clusters discovered towards the Galactic bulge direction using Gaia DR2. Royal Astronomical Society. Monthly Notices	Letters (Print)	FERREIRA, F A ; CORRADI, W J B ; MAIA, F F S ; ANGELO, M S ; SANTOS, J F C	Qualis nao identificado	LETTERS
artigoEmPeriodico	Wagner José Corradi Barbosa	2021		http://dx.doi.org/10.1093/mnras/stab2836	NGC-6124: a young open cluster with anomalous- and fast-rotating giant stars	MONTHLY NOTICES OF THE ROYAL ASTRONOMICAL SOCIETY	HOLANDA, N ; DRAKE, N A ; CORRADI, W J B ; FERREIRA, F A ; MAIA, F ; MAGRINI, L ; DA SILVA, J R P ; PEREIRA, C B	A1	
artigoEmPeriodico	Wagner José Corradi Barbosa	2020		http://dx.doi.org/10.1093/mnras/staa517	Characterizing low-contrast Galactic open clusters with Gaia Data Release 2	MONTHLY NOTICES OF THE ROYAL ASTRONOMICAL SOCIETY	ANGELO, M S ; CORRADI, W J B ; SANTOS, J F C	A1	
artigoEmPeriodico	Wagner José Corradi Barbosa	2020		http://dx.doi.org/10.1093/mnras/staa1684	Discovery and astrophysical properties of Galactic open clusters in dense stellar fields using Gaia DR2	MONTHLY NOTICES OF THE ROYAL ASTRONOMICAL SOCIETY	FERREIRA, F A ; SANTOS, J F C ; CORRADI, W J B ; ANGELO, M S ; MAIA, F F S	A1	
artigoEmPeriodico	Wagner José Corradi Barbosa	2020			A DISCIPLINA ATENÇÃO PRIMÁRIA À SAÚDE DA MULHER DO CURSO DE MEDICINA DA UFMG MEDIADA POR TECNOLOGIA	REVISTA EMREDE - REVISTA DE EDUCAÇÃO À DISTÂNCIA	TEIXEIRA, P. G. ; LAGE, E. M. ; CORREA JUNIOR, M. D. ; OLIVEIRA, C. L. ; BARBOSA CORRADI, WAGNER JOSÉ	Qualis nao identificado	REVISTA EMREDE - REVISTA DE EDUCAÇÃO À DISTÂNCIA
artigoEmPeriodico	Wagner José Corradi Barbosa	2020			Extensão Universitária na EaD: além das fronteiras físicas da universidade	REVISTA EMREDE - REVISTA DE EDUCAÇÃO À DISTÂNCIA	ALMEIDA, A. C. C. ; Corradi, Wagner ; MOREIRA, M. G.	Qualis nao identificado	REVISTA EMREDE - REVISTA DE EDUCAÇÃO À DISTÂNCIA
artigoEmPeriodico	Wagner José Corradi Barbosa	2019		http://dx.doi.org/10.1051/0004-6361/201832702	Investigating dynamical properties of evolved Galactic open clusters	ASTRONOMY & ASTROPHYSICS	ANGELO, M. S. ; SANTOS, J. F. C. ; Corradi, W. J. B. ; MAIA, F. F. S.	A1	
artigoEmPeriodico	Wagner José Corradi Barbosa	2018		http://dx.doi.org/10.1093/mnras/sty3511	Three new Galactic star clusters discovered in the field of the open cluster NGC 5999 with Gaia DR2	MONTHLY NOTICES OF THE ROYAL ASTRONOMICAL SOCIETY	FERREIRA, FILIPE A ; SANTOS, J F C ; CORRADI, W J B ; MAIA, F F S ; ANGELO, M S	A1	
artigoEmPeriodico	Wagner José Corradi Barbosa	2017		http://dx.doi.org/10.1088/1674-4527/17/1/4	Investigation of Galactic open cluster remnants: the case of NGC 7193	Research in Astronomy and Astrophysics	ANGELO, MATEUS DE SOUZA ; COELHO DOS SANTOS, JOÃO FRANCISCO ; BARBOSA CORRADI, WAGNER JOSÉ ; DE SOUZA MAIA, FRANCISCO FERREIRA ; PIATTI, ANDRÉS EDUARDO	B1	
artigoEmPeriodico	Wagner José Corradi Barbosa	2015		http://dx.doi.org/10.18264/eadf.v5i1.324	Aproxime-se: Programa de Extensão Universitária em EaD	EAD em Foco	PASCHOALINO, JUSSARA BUENO DE QUEIROZ ; BOAVENTURA JUNIOR, MARCIO ; MACHADO, MARCELA ROSA DE LIMA ; CORRADI, WAGNER J. B.	A2	
artigoEmPeriodico	Wagner José Corradi Barbosa	2011		http://dx.doi.org/10.1088/0004-637X/728/2/104	OPTICAL POLARIZATION MAPPING TOWARD THE INTERFACE BETWEEN THE LOCAL CAVITY AND LOOP I	The Astrophysical Journal	Santos, Fábio P. ; Corradi, Wagner ; Reis, Wilson	A1	
artigoEmPeriodico	Wagner José Corradi Barbosa	2011		http://dx.doi.org/10.1088/0004-637X/734/1/8	INTERSTELLAR REDDENING IN THE LOCAL BUBBLE AND LOOP I REGION: INSIGHT FROM STRÖMGREN PHOTOMETRY ANALYSIS AND THREE-DIMENSIONAL MODELING	The Astrophysical Journal	Reis, Wilson ; Corradi, Wagner ; de Avillez, Miguel A. ; Santos, Fábio P.	A1	
artigoEmPeriodico	Wagner José Corradi Barbosa	2011		http://dx.doi.org/10.1038/nature10550	Ortiz, J	L. Assafin, M. Jehin, E. Maury, A. Lellouch, E. Hutton, R. Gil Braga-Ribas, F. Colas, F. Hestroffer, D. Lecacheux, J. Roques, F. Santos-Sanz, P. Widemann, T. Morales, N. Duffard, R. Thirouin, A. Castro-Tirado, A. J. Jelínek, M. Kubánek, P. Sota, A. Sánchez-Ramírez, R. Andrei, A. H. Camargo, J. I. B. da Silva Neto, D. N. , et al.Gomes, A. Ramos Martins, R. Vieira Gillon, M. Manfroid, J. Tozzi, G. P. Harlingten, C. Saravia, S. Behrend, R. Mottola, S. Melendo, E. García Peris, V. Fabregat, J. Madiedo, J. M. Cuesta, L. Eibe, M. T. Corradi, W. J. B. ; A Pluto-like radius and a high albedo for the dwarf planet Eris from an occultation. Nature (London)	Sicardy, B	Qualis nao identificado	L. ASSAFIN, M. JEHIN, E. MAURY, A. LELLOUCH, E. HUTTON, R. GIL BRAGA-RIBAS, F. COLAS, F. HESTROFFER, D. LECACHEUX, J. ROQUES, F. SANTOS-SANZ, P. WIDEMANN, T. MORALES, N. DUFFARD, R. THIROUIN, A. CASTRO-TIRADO, A. J. JELÍNEK, M. KUBÁNEK, P. SOTA, A. SÁNCHEZ-RAMÍREZ, R. ANDREI, A. H. CAMARGO, J. I. B. DA SILVA NETO, D. N. , ET AL.GOMES, A. RAMOS MARTINS, R. VIEIRA GILLON, M. MANFROID, J. TOZZI, G. P. HARLINGTEN, C. SARAVIA, S. BEHREND, R. MOTTOLA, S. MELENDO, E. GARCÍA PERIS, V. FABREGAT, J. MADIEDO, J. M. CUESTA, L. EIBE, M. T. CORRADI, W. J. B. ; A PLUTO-LIKE RADIUS AND A HIGH ALBEDO FOR THE DWARF PLANET ERIS FROM AN OCCULTATION. NATURE
artigoEmPeriodico	Wagner José Corradi Barbosa	2010		http://dx.doi.org/10.1111/j.1365-2966.2010.17034.x	Characterization and photometric membership of the open cluster NGC?1981	MONTHLY NOTICES OF THE ROYAL ASTRONOMICAL SOCIETY	Maia, F. F. S. ; Corradi, W. J. B. ; Santos Jr, J. F. C.	A1	
artigoEmPeriodico	Wagner José Corradi Barbosa	2010		http://dx.doi.org/10.1007/s10509-009-0189-1	Leccia, S	Baglin, A. RUOPPO, A. BERNABEI, S. Zwintz, K. Cusano, F. Gandolfi, D. Guenter, E. W. Alencar, S. MARCONI, M. Monteiro, M. J. P. F. G. PALLA, F. Alcalá, J. M. Boehm, T. Catala, C. Chavero, C. Corradi, W. S. Degl¿Innocenti, S. Reza, R. Deluil, M. Favata, F. Fernandez, M. Gregorio-Hetem, J. Lepine, J. D. R. , et al.Pinheiro, F. J. G. Prada Moroni, P. G. QUAST, G. Torres, C. A. O. Weiss, W. ; CoRoT observations of the young open cluster Dolidze 25. Astrophysics and Space Science	RIPEPI, V	Qualis nao identificado	BAGLIN, A. RUOPPO, A. BERNABEI, S. ZWINTZ, K. CUSANO, F. GANDOLFI, D. GUENTER, E. W. ALENCAR, S. MARCONI, M. MONTEIRO, M. J. P. F. G. PALLA, F. ALCALÁ, J. M. BOEHM, T. CATALA, C. CHAVERO, C. CORRADI, W. S. DEGL¿INNOCENTI, S. REZA, R. DELUIL, M. FAVATA, F. FERNANDEZ, M. GREGORIO-HETEM, J. LEPINE, J. D. R. , ET AL.PINHEIRO, F. J. G. PRADA MORONI, P. G. QUAST, G. TORRES, C. A. O. WEISS, W. ; COROT OBSERVATIONS OF THE YOUNG OPEN CLUSTER DOLIDZE 25. ASTROPHYSICS AND SPACE SCIENCE
artigoEmPeriodico	Wagner José Corradi Barbosa	2008		http://dx.doi.org/10.1051/0004-6361:20077946	Mapping the interface between the Local and Loop I bubbles using Strömgren photometry. Astronomy & Astrophysics (Berlin	Print)	Reis, W. ; Corradi, W. J. B.	Qualis nao identificado	PRINT)
artigoEmPeriodico	Wagner José Corradi Barbosa	2006		http://dx.doi.org/10.1051/0004-6361:20065005	Stellar parameters and evidence of circumstellar activity for a sample of Herbig Ae/Be stars. Astronomy & Astrophysics (Berlin	Print)	GUIMARÃES, M.M. ; ALENCAR, S.H.P. ; CORRADI, W. J. B. ; VIEIRA, S.L.A.	Qualis nao identificado	PRINT)
artigoEmPeriodico	Wagner José Corradi Barbosa	2004		http://dx.doi.org/10.1111/j.1365-2966.2004.07219.x	Local Interstellar Medium Kinematics towards the Southerm Coalsack and Chamaeleon-Musca dark clouds	Monthly Notices of the Royal Astronomical Society (Print), Alemanha	Franco, G.A.P. ; Knude J.	Qualis nao identificado	MONTHLY NOTICES OF THE ROYAL ASTRONOMICAL SOCIETY , ALEMANHA
artigoEmPeriodico	Wagner José Corradi Barbosa	2003		http://dx.doi.org/10.1086/379553	Investigation of 131 Herbig Ae/Be Candidate Stars	The Astronomical Journal (New York), Estados Unidos	VIEIRA, S.L.A. ; CORRADI, W. J. B. ; ALENCAR, S.H.P. ; MENDES, L.T.S. ; TORRES, C. A. P. C. O. ; GUIMARÃES, M.M. ; QUAST, G. ; SILVA, L.	Qualis nao identificado	THE ASTRONOMICAL JOURNAL , ESTADOS UNIDOS
artigoEmPeriodico	Wagner José Corradi Barbosa	1997			Physical Association between the Southern Coalsack and the Chamaeleoon-Musca dark clouds. Astronomy & Astrophysics (Berlin	Print)	Corradi, W. J. B. ; Franco, G.A.P. ; Knude J.	Qualis nao identificado	PRINT)
artigoEmPeriodico	Wagner José Corradi Barbosa	1995			uvbybeta photometry of 1017 stars earlier than G0 in the Centaurus-Crux-Musca-Chamaeleon direction. Astronomy & Astrophysics. Supplement Series (Print) (Cessou em 2000. Foi absorvido pelo ISSN 0004-6361 Astronomy & Astrophysics (Berlin	Print)	Corradi, W. J. B. ; Franco, G.A.P.	Qualis nao identificado	PRINT)
artigoEmPeriodico	Wagner José Corradi Barbosa	1995			M	V. STERKEN, C. E. GROOT, M. STAHL, O. ANDERSEN, J. ANDERSEN, M. I. CALDWELL, J. A. R. CASEY, B. CLEMENT, R. C. CORRADI, W. J. B. CUYPERS, J. DEBEHOGNE, H. MARIA, J. M. G. SOERENSEN, H. J. VAZ, L. P. R. STEFL, S. LOPEZ, J. S. BEELE, D. GGENKAMP, I. M. M. G. GOECKING, K. JORISSEN, A. -. KOFF, S. KUSS, C. SCHOENMAKERS, A. P. VINK, J. , et al.WAELDE, E. ; A pulsating star inside Eta Carinae I - Light Variations, 1992--1994. Astronomy & Astrophysics (Berlin. Print)	GENDEREN, A	Qualis nao identificado	V. STERKEN, C. E. GROOT, M. STAHL, O. ANDERSEN, J. ANDERSEN, M. I. CALDWELL, J. A. R. CASEY, B. CLEMENT, R. C. CORRADI, W. J. B. CUYPERS, J. DEBEHOGNE, H. MARIA, J. M. G. SOERENSEN, H. J. VAZ, L. P. R. STEFL, S. LOPEZ, J. S. BEELE, D. GGENKAMP, I. M. M. G. GOECKING, K. JORISSEN, A. -. KOFF, S. KUSS, C. SCHOENMAKERS, A. P. VINK, J. , ET AL.WAELDE, E. ; A PULSATING STAR INSIDE ETA CARINAE I - LIGHT VARIATIONS, 1992--1994. ASTRONOMY & ASTROPHYSICS
trabalhoCompletoEmCongresso	Wagner José Corradi Barbosa	2022	http://dx.doi.org/10.1117/12.2630240	AIVAZYAN, V. ALISHOV, S. ALMUALLA, M. ANDRADE, 'C. ANTIER, SARAH BAI, J.-M. BARANSKY, A. BASA, S. BENDJOYA, P. BENKHALDOUN, Z. BERADZE, S. BEREZIN, D. BHARDWAJ, U. BLAZEK, M. BURKHONOV, O. BURNS, E. CAUDILL, S. CHRISTENSEN, N. Colas, F. COLEIRO, A. CORRADI, W. COUGHLIN, M. W. CULINO, T. DARSON, D. , et al.DATASHVILI, D. DE WASSEIGE, G. DIETRICH, T. DOLON, F. DORNIC, D. DUBOUIL, J. DUCOIN, J.-G. DUVERNE, P.-A. ESAMDIN, A. FOUAD, A. GUO, F. GODUNOVA, V. GOKULDASS, P. GUESSOUM, N. GURBANOV, E. HAINICH, R. HASANOV, E. HELLO, P. HUSSENOT-DESENONGES, T. INASARIDZE, R. ISKANDAR, A. ISHIDA, E.E.O. ISMAILOV, N. JEGOU DU LAZ, T. KANN, D.A. KAPANADZE, G. KARPOV, S. KIENDREBEOGO, R.W. KLOTZ, A. KOCHIASHVILI, NINO KAEOUACH, A. KNEIB, J.-P. KOU, W. KRUISWIJK, K. LOMBARDO, S. LAMOUREUX, M. LEROY, N. LE VAN SU, A. MAO, J. MASEK, M. MIDAVAINE, T. MOELLER, A. MORRIS, D. NATSVLISHVILI, R. NAVARETE, F. NISSANKE, S. NOONAN, K. NOYSENA, K. ORANGE, N.B. PELOTON, J. PILLOIX, M. PRADIER, T. PROUZA, 'M. RAAIJMAKERS, G. RAJABOV, Y. RIVET, J.-P. ROMANYUK, Y. ROUSSELOT, L. RUENGER, F. RUPCHANDANI, V. SADIBEKOVA, T. SASAKI, N. SIMON, A. SMITH, K. SOKOLIUK, O. SONG, X. TAKEY, A. TILLAYEV, Y. TOSTA E MELO, I. TURPIN, D. DE UGARTE POSTIGO, ANTONIO VARDOSANIDZE, M. WANG, X.F. VERNET, D. VIDADI, Z. ZHU, J. ZHU, Y. ; The GRANDMA network in preparation for the fourth gravitational-wave observing run	Observatory Operations: Strategies	AGAYEVA, S		
trabalhoCompletoEmCongresso	Wagner José Corradi Barbosa	2017		POSSIBILIDADES DE INSERÇÃO DE RECURSOS DE ACESSIBILIDADE EM CURSOS EAD	XIV Congresso Brasileiro de Ensino Superior a Distância (ESUD 2017) e III Congresso Internacional de Educação Superior a Distância (CIESUD 2017)	DUTRA, C. G. F. S. ; ALMEIDA, A. C. C. ; DUARTE, M. M. T. A. S. ; MOREIRA, M. G. ; CORRADI, W. J. B.		
trabalhoCompletoEmCongresso	Wagner José Corradi Barbosa	2017		WEBINAR ? UMA FERRAMENTA PRÁTICO-PEDAGÓGICA	XIV Congresso Brasileiro de Ensino Superior a Distância (ESUD 2017) e III Congresso Internacional de Educação Superior a Distância (CIESUD 2017)	BELCHIOR, T. ; NUNES, L. B. ; CORRADI, W. J. B. ; MOREIRA, M. G.		
trabalhoCompletoEmCongresso	Wagner José Corradi Barbosa	2016		Perfil das Ações de Comunicação nos Núcleos de EaD das Instituições Públicas de Ensino Superior Brasileiras	II PromovEaD: Estratégias de Comunicação para a EaD em Diferentes Contextos	Corradi, Wagner J.B.; MOREIRA, M. G. ; ANTONIO, D. ; DUTRA, C. G. F. S. ; ALMEIDA, A. C. C. ; ALVES, J. P.		
trabalhoCompletoEmCongresso	Wagner José Corradi Barbosa	2016		Avaliação Institucional nos Cursos de Graduação a Distância: Experiências Desafios e Perspectivas	XIII Congresso Brasileiro de Ensino Superior a Distância e II Congresso Internacional de Educação Superior a Distância	GOMES, S. S. ; PEREIRA, C. M. ; CORRADI, W. J. B. ; MOREIRA, M. G. ; ALMEIDA, A. C. C.		
trabalhoCompletoEmCongresso	Wagner José Corradi Barbosa	2016		Gestão, Materiais Didáticos e Tecnologias na EaD: interlocuções com a formação de professores no CAED/UFMG	XIII Congresso Brasileiro de Ensino Superior a Distância e II Congresso Internacional de Educação Superior a Distância	ARRUDA, D. P. ; MOREIRA, M. G. ; BARROZO, V. L. S. ; Corradi, W. J. B.		
trabalhoCompletoEmCongresso	Wagner José Corradi Barbosa	2016		Apresentação e análise da primeira oferta do curso formação Técnico-Pedagógica de Professores, Gestores e Técnicos de Educação a Distância do Caed/UFMG	XIII Congresso Brasileiro de Ensino Superior a Distância e II Congresso Internacional de Educação Superior a Distância	VIVEIRO, G. A. ; ALMEIDA, A. C. C. ; DUTRA, C. G. F. S. ; DUARTE, M. M. T. A. S. ; CORRADI, W. J. B.		
trabalhoCompletoEmCongresso	Wagner José Corradi Barbosa	2015		A UAB como política pública: panorama da atuação no Estado de Minas Gerais a partir de uma investigação nos portais de transparência do governo federal	XII Congresso Brasileiro de Educação Superior a Distância e I Congresso Internacional de Educação Superior a Distância	PEREIRA, C. M. ; RODRIGUES, M. S. ; MIURA, V. Y. ; SANTOS, T. M. ; CORRADI, W. J. B. ; MOREIRA, M. A.		
trabalhoCompletoEmCongresso	Wagner José Corradi Barbosa	2014		Ciclo Básico de Física: Desafios e Soluções das Disciplinas Semipresenciais Básico de Física: Desafios e Soluções das Disciplinas Semipresenciais	SIED:EnPED - Simpósio Internacional de Educação a Distância e Encontro de Pesquisadores em Educação a Distância	Corradi, W. J. B.; CAMPOS, F. A. C. ; MOREIRA, P. R. ; FERREIRA, F. A. ; FERNANDES, S. F. ; PINHEIRO, C. B. ; ALENCAR, S. H. P. ; VIANNA, R. O.		
trabalhoCompletoEmCongresso	Wagner José Corradi Barbosa	2014		Disciplinas Semipresenciais do Ciclo Básico de Física: Desafios e Soluções	XI ESUD ? Congresso Brasileiro de Ensino Superior a Distância	Corradi, W. J. B.; CAMPOS, F. A. C. ; MOREIRA, P. R. ; FERREIRA, F. A. ; ALENCAR, S. H. P. ; FERNANDES, S. F. ; PINHEIRO, C. B. ; VIANNA, R. O.		
trabalhoCompletoEmCongresso	Wagner José Corradi Barbosa	2014		O PERCURSO DE UM PROGRAMA DE EXTENSÃO NA EAD: APROXIME-SE/UFMG	ESUD 2014 - XI Congresso Brasileiro de Educação Superior a Distância	PASCHOALINO, J. B. Q. ; BOAVENTURA JUNIOR, M. ; MACHADO, M. R. L. ; Corradi, W. J. B. ; FIDALGO, F. S. R. ; FAVACHO, A. M. P.		
trabalhoCompletoEmCongresso	Wagner José Corradi Barbosa	2014		A EAD NA CAPACITAÇÃO DOS SERVIDORES DO SISTEMA PENITENCIÁRIO BRASILEIRO	ESUD 2014 - XI Congresso Brasileiro de Educação Superior a Distância	VIVEIRO, G. A. ; COSTA, C. G. ; FIDALGO, F. S. R. ; SILVA, O. R. ; MOREIRA, P. R. ; CARVALHO, R. O. ; BARROZO, V. L. S. ; Corradi, W. J. B.		
trabalhoCompletoEmCongresso	Wagner José Corradi Barbosa	2012	http://dx.doi.org/10.1117/12.925674	ECHARPE: a fiber-fed echelle spectrograph for the Pico dos Dias Observatory	Groundbased and Airborne Instrumentation for Astronomy IV	DOMINICI, TANIA P. ; CASTILHO, BRUNO ; GNEIDING, CLEMENS D. ; DELABRE, BERNARD A. ; MACANHAN, VANESSA B. P. ; DE ARRUDA, MARCIO V. ; DE OLIVEIRA, ANTONIO C. ; MELENDEZ, JORGE ; VAZ, LUIZ P. R. ; CORRADI, WAGNER J. B. ; FRANCO, GABRIEL A. P. ; DO NASCIMENTO, JOSE D. ; QUAST, GERMANO R. ; PORTO DE MELLO, GUSTAVO F.		
trabalhoCompletoEmCongresso	Wagner José Corradi Barbosa	2011		Física em Libras: Identificando Dificuldades na Sinalização	13o. Seminário de Pesquisa e Extensão da UEMG	ROCHA, C. A. M. ; VIANNA, R. O. ; Corradi, W. J. B. ; FIDALGO, F. S. R.		
trabalhoCompletoEmCongresso	Wagner José Corradi Barbosa	2009		Caracterizacíon de cúmulos abiertos a través de correlaciones cruzadas con librerías de espectros	52 Reunión Anual de la Asociacíon Argentina de Astronómia	Maia, F. F. S. ; Santos Jr, J. F. C. ; Corradi, W.J.B. ; PIATTI, A. E.		
trabalhoCompletoEmCongresso	Wagner José Corradi Barbosa	2007		PEG74 - ELABORAÇÃO DE UM LIVRO DIDÁTICO PARA O ENSINO A DISTÂNCIA DA DISCIPLINA DE FÍSICA BÁSICA OSCILAÇÕES, ONDAS E ÓPTICA	XI Semana da Graduação	CORRADI, W. J. B.; ALMEIDA, P. B. ; BALZUWEIT, Karla ; SIMOES, R.		
trabalhoCompletoEmCongresso	Wagner José Corradi Barbosa	1998		Physical Association between Southern Coalsack and Chamaeleon-Musca dark clouds	IAU Colloquium 166 - The Local Bubble and Beyond	Franco, G.A.P. ; Knude J.		
resumoExpandidoEmCongresso	Wagner José Corradi Barbosa	2022	Desenvolvimento e Implementação de um Experimento sobre Trânsito de Exoplanetas no Ensino de Física e Astronomia	XXII SUDESTE PEC: O PET é resistência, 2022, Ituiutaba. Anais do XXII Encontro entre os grupos do Programa de Educação Tutorial da região sudeste (SUDESTE PET): O Pet é resistência. Ituiutaba: Even3	SILVA, I. M. ; Agenor Pina ; CAETANO, T. C. ; Corradi, W. J. B.		
resumoExpandidoEmCongresso	Wagner José Corradi Barbosa	2021	Desenvolvimento e Implementação de um Experimento Didático sobre a Caracterização e Detecção de Exoplanetas no Ensino de Física	IV Simpósio de Iniciação Científica 2021, 2021, ITAJUBÁ. Anais do IV Simpósio de Iniciação Científica da Universidade Federal de Itajubá. Itajubá: Diretoria de Pesquisa - DP/UNIFEI	SILVA, I. M. ; CAETANO, T. C. ; Corradi, W. J. B. ; Agenor Pina		
resumoExpandidoEmCongresso	Wagner José Corradi Barbosa	2015	Conhecendo as Ações de Educação a Distância da UFMG	Universidade, EaD e Software Livre UEADSL 2015.1, 2015, Belo Horizonte. Anais do Congresso Nacional Universidade, EAD e Software Livre. Belo Horizonte: Portal de Periodicos da FALE - Revista Texto Livre	Corradi, Wagner J.B		
resumoExpandidoEmCongresso	Wagner José Corradi Barbosa	2006	Circumstellar Activity in Herbig Ae/Be Stars	XI IAU Regional Latin American Meeting of Astronomy (Eds. L. Infante & M. Rubio), 2006, Pucón, Chile. Revista Mexicana de Astronomía y Astrofísica (Serie de Conferencias). México: Instituto de Astronomía, Universidad Nacional Autónoma de México	GUIMARÃES, M.M. ; ALENCAR, S.H.P. ; CORRADI, W. J. B. ; VIEIRA, S.L.A.		
resumoExpandidoEmCongresso	Wagner José Corradi Barbosa	2005	PMS candidates to the CoRoT Additional Program	Second CoRoT-Brazil Workshop, 2005, Ubatuba/SP. Proceedings Second COROT-Brazil Workshop	CORRADI, W. J. B.; Santos, F.P. ; VIEIRA, S.L.A. ; ROJAS, Gustavo ; HETEM, J. C. G. ; LÉPINE, J.R.D. ; ALENCAR, S.H.P.		
resumoExpandidoEmCongresso	Wagner José Corradi Barbosa	2003	The possible connection of PDS Herbig Ae/Be stars and the main star forming regions	Open Yssues in Local Star Formation and Early Stellar Evolution, 2003, Ouro Preto. Astrophysics & Space Science Library	CORRADI, W. J. B.; GUIMARÃES, M.M. ; VIEIRA, S.L.A. ; TORRES, C. A. P. C. O.		
resumoExpandidoEmCongresso	Wagner José Corradi Barbosa	2003	Spectroscopic Analysis of 131 Herbig Ae/Be Candidate Stars	Open Yssues in Local Star Formation and Early Stellar Evolution, 2003, Ouro Preto. Astrophysics & Space Science Library	VIEIRA, S.L.A. ; CORRADI, W. J. B. ; ALENCAR, S.H.P. ; MENDES, L.T.S. ; TORRES, C. A. P. C. O. ; QUAST, G. ; GUIMARÃES, M.M. ; SILVA, L.		
resumoExpandidoEmCongresso	Wagner José Corradi Barbosa	2003	Chemical Composition Study of the accretion episode in the Herbig Candidate PDS080	Open Yssues in Local Star Formation and Early Stellar Evolution, 2003, Ouro Preto. Astrophysics & Space Science Library	CORRADI, W. J. B.; VIEIRA, S.L.A. ; GUIMARÃES, M.M. ; ALENCAR, S.H.P.		
resumoExpandidoEmCongresso	Wagner José Corradi Barbosa	2003	Understanding diffuse interstellar bands towards the interaction zone between the local and Loop I Bubbles	Optical and Infrared Astronomical Instrumentation for Modern Telescopes - Brazilian Workshop, 2003, Angra dos Reis. Optical and Infrared Astronomical Instrumentation for Modern Telescopes. Itajubá: Laboratório Nacional de Astrofísica	CORRADI, W. J. B.; GUIMARÃES, M.M. ; VIEIRA, S.L.A.		
resumoExpandidoEmCongresso	Wagner José Corradi Barbosa	2003	An investigation of the Evidence of accretion disks in Herbig Ae/Be stars as na indicator of Herbig-Haro Objects	Optical and Infrared Astronomical Instrumentation for Modern Telescopes - Brazilian Workshop, 2003, Angra dos Reis/RJ. Optical and Infrared Astronomical Instrumentation for Modern Telescopes. Itajubá: Laboratório Nacional de Astrofísica	GUIMARÃES, M.M. ; CORRADI, W. J. B. ; VIEIRA, S.L.A.		
